INSERT IGNORE INTO `workbench`.`wb_label` (`label_id`, `create_time`, `creator`, `modified_time`, `modifier`, `tenant_id`, `ts`, `label_code`, `label_name`, `label_type`, `orders`, `sys_label`, `label_Name_ext2`, `label_Name_ext3`, `label_Name_ext4`, `label_Name_ext5`, `label_name_ext6`, `label_name_ext0`, `label_name_ext1`) VALUES ('ed10046a-962c-4770-9e5b-c914fe7757d8', '2020-08-19 10:17:21', 'ec4326d0-d490-4d5a-9105-260b51fd16d0', NULL, NULL, 'r2sc8ufe', '2020-08-19 10:17:21', 'fecf344b-53fd-428e-a879-2b15c79aa9ba', '红旗标准作业', 'domain', '13', '1', NULL, NULL, NULL, NULL, NULL, NULL, NULL);


INSERT IGNORE INTO `workbench`.`wb_label_application_relation` (`label_application_id`, `create_time`, `creator`, `modified_time`, `modifier`, `tenant_id`, `ts`, `application_id`, `label_id`, `type_label_order`) VALUES ('9d49b8aa-b42c-4586-93b6-73714d2d01e3', '2020-08-24 10:50:24', NULL, NULL, NULL, 'r2sc8ufe', '2020-08-24 10:50:24', '32205da5-a419-48b2-8ec3-cad3b10425b7', '5835577a-8cc7-4ca0-b2f2-06f5e5565d67', '0');
INSERT IGNORE INTO `workbench`.`wb_label_application_relation` (`label_application_id`, `create_time`, `creator`, `modified_time`, `modifier`, `tenant_id`, `ts`, `application_id`, `label_id`, `type_label_order`) VALUES ('f7a30569-e3f3-4582-88a8-7c3360bb13cf', '2020-08-24 10:50:24', NULL, NULL, NULL, 'r2sc8ufe', '2020-08-24 10:50:24', '32205da5-a419-48b2-8ec3-cad3b10425b7', 'ed10046a-962c-4770-9e5b-c914fe7757d8', '0');
INSERT IGNORE INTO `workbench`.`wb_label_application_relation` (`label_application_id`, `create_time`, `creator`, `modified_time`, `modifier`, `tenant_id`, `ts`, `application_id`, `label_id`, `type_label_order`) VALUES ('0f086d9c-cace-462c-93c6-90d0ff3f08e4', '2020-08-19 15:59:25', 'ec4326d0-d490-4d5a-9105-260b51fd16d0', NULL, NULL, 'r2sc8ufe', '2020-08-19 15:59:25', '5216121d-ac78-4dbe-a33c-a09517417de6', '5835577a-8cc7-4ca0-b2f2-06f5e5565d67', '0');
INSERT IGNORE INTO `workbench`.`wb_label_application_relation` (`label_application_id`, `create_time`, `creator`, `modified_time`, `modifier`, `tenant_id`, `ts`, `application_id`, `label_id`, `type_label_order`) VALUES ('6e02a4ca-c1aa-4269-ba0c-ffb992e25840', '2020-08-19 15:59:25', 'ec4326d0-d490-4d5a-9105-260b51fd16d0', NULL, NULL, 'r2sc8ufe', '2020-08-19 15:59:25', '5216121d-ac78-4dbe-a33c-a09517417de6', 'ed10046a-962c-4770-9e5b-c914fe7757d8', '0');
INSERT IGNORE INTO `workbench`.`wb_label_application_relation` (`label_application_id`, `create_time`, `creator`, `modified_time`, `modifier`, `tenant_id`, `ts`, `application_id`, `label_id`, `type_label_order`) VALUES ('a74def50-f319-42bc-848b-b8511daec180', '2020-08-19 13:51:35', 'ec4326d0-d490-4d5a-9105-260b51fd16d0', NULL, NULL, 'r2sc8ufe', '2020-08-19 13:51:35', '5499987b-8b77-4b35-bbeb-0f9c316adebf', '5835577a-8cc7-4ca0-b2f2-06f5e5565d67', '0');
INSERT IGNORE INTO `workbench`.`wb_label_application_relation` (`label_application_id`, `create_time`, `creator`, `modified_time`, `modifier`, `tenant_id`, `ts`, `application_id`, `label_id`, `type_label_order`) VALUES ('c9b9a2bc-416f-4259-9452-d0cf175d9295', '2020-08-19 13:51:35', 'ec4326d0-d490-4d5a-9105-260b51fd16d0', NULL, NULL, 'r2sc8ufe', '2020-08-19 13:51:35', '5499987b-8b77-4b35-bbeb-0f9c316adebf', 'ed10046a-962c-4770-9e5b-c914fe7757d8', '0');
INSERT IGNORE INTO `workbench`.`wb_label_application_relation` (`label_application_id`, `create_time`, `creator`, `modified_time`, `modifier`, `tenant_id`, `ts`, `application_id`, `label_id`, `type_label_order`) VALUES ('234768cb-90c0-4f5d-8e6b-b46eb057c5e2', '2020-10-23 08:09:14', 'ec4326d0-d490-4d5a-9105-260b51fd16d0', NULL, NULL, 'r2sc8ufe', '2020-10-23 08:09:14', '673333a4-1a78-4f83-a51e-42cf4792ab89', '5835577a-8cc7-4ca0-b2f2-06f5e5565d67', '0');
INSERT IGNORE INTO `workbench`.`wb_label_application_relation` (`label_application_id`, `create_time`, `creator`, `modified_time`, `modifier`, `tenant_id`, `ts`, `application_id`, `label_id`, `type_label_order`) VALUES ('2f14f8ca-14c6-4f37-9f15-7eb53501a38f', '2020-10-23 08:09:14', 'ec4326d0-d490-4d5a-9105-260b51fd16d0', NULL, NULL, 'r2sc8ufe', '2020-10-23 08:09:14', '673333a4-1a78-4f83-a51e-42cf4792ab89', 'ed10046a-962c-4770-9e5b-c914fe7757d8', '0');
INSERT IGNORE INTO `workbench`.`wb_label_application_relation` (`label_application_id`, `create_time`, `creator`, `modified_time`, `modifier`, `tenant_id`, `ts`, `application_id`, `label_id`, `type_label_order`) VALUES ('53cb21b4-56ed-4a58-bef8-d3e4f279c7ee', '2020-10-20 14:13:30', 'ec4326d0-d490-4d5a-9105-260b51fd16d0', NULL, NULL, 'r2sc8ufe', '2020-10-20 14:13:30', '87b25c49-e35f-4542-92f4-0df26aa8dcdb', 'ed10046a-962c-4770-9e5b-c914fe7757d8', '0');
INSERT IGNORE INTO `workbench`.`wb_label_application_relation` (`label_application_id`, `create_time`, `creator`, `modified_time`, `modifier`, `tenant_id`, `ts`, `application_id`, `label_id`, `type_label_order`) VALUES ('88f87cf7-d790-4644-a3b4-02e1b863eb53', '2020-10-20 14:13:30', 'ec4326d0-d490-4d5a-9105-260b51fd16d0', NULL, NULL, 'r2sc8ufe', '2020-10-20 14:13:30', '87b25c49-e35f-4542-92f4-0df26aa8dcdb', '1e481805-256f-4013-9768-b5fffd16c0d4', '0');
INSERT IGNORE INTO `workbench`.`wb_label_application_relation` (`label_application_id`, `create_time`, `creator`, `modified_time`, `modifier`, `tenant_id`, `ts`, `application_id`, `label_id`, `type_label_order`) VALUES ('866e15d3-684f-4095-83fe-ef2bdb58fc62', '2020-10-15 16:08:19', 'ec4326d0-d490-4d5a-9105-260b51fd16d0', NULL, NULL, 'r2sc8ufe', '2020-10-15 16:08:19', '9e9a9bed-97e4-4ae8-9f0f-b06f0172ec57', 'ed10046a-962c-4770-9e5b-c914fe7757d8', '0');
INSERT IGNORE INTO `workbench`.`wb_label_application_relation` (`label_application_id`, `create_time`, `creator`, `modified_time`, `modifier`, `tenant_id`, `ts`, `application_id`, `label_id`, `type_label_order`) VALUES ('9f7c85a6-5b3f-442d-884e-3cdcb8c477e3', '2020-10-15 16:08:19', 'ec4326d0-d490-4d5a-9105-260b51fd16d0', NULL, NULL, 'r2sc8ufe', '2020-10-15 16:08:19', '9e9a9bed-97e4-4ae8-9f0f-b06f0172ec57', '1e481805-256f-4013-9768-b5fffd16c0d4', '0');
INSERT IGNORE INTO `workbench`.`wb_label_application_relation` (`label_application_id`, `create_time`, `creator`, `modified_time`, `modifier`, `tenant_id`, `ts`, `application_id`, `label_id`, `type_label_order`) VALUES ('c6c55af7-15f9-4c68-aeb1-a7ba7a575301', '2020-10-22 15:55:06', 'ec4326d0-d490-4d5a-9105-260b51fd16d0', NULL, NULL, 'r2sc8ufe', '2020-10-22 15:55:06', 'a6900d45-3226-4926-8c6c-e14da32bdda8', '00abfce9-e626-46c1-a243-e407344e312d', '0');
INSERT IGNORE INTO `workbench`.`wb_label_application_relation` (`label_application_id`, `create_time`, `creator`, `modified_time`, `modifier`, `tenant_id`, `ts`, `application_id`, `label_id`, `type_label_order`) VALUES ('f9e4170f-e700-4f4b-9026-f10746e8863b', '2020-10-22 15:55:06', 'ec4326d0-d490-4d5a-9105-260b51fd16d0', NULL, NULL, 'r2sc8ufe', '2020-10-22 15:55:06', 'a6900d45-3226-4926-8c6c-e14da32bdda8', 'ed10046a-962c-4770-9e5b-c914fe7757d8', '0');
INSERT IGNORE INTO `workbench`.`wb_label_application_relation` (`label_application_id`, `create_time`, `creator`, `modified_time`, `modifier`, `tenant_id`, `ts`, `application_id`, `label_id`, `type_label_order`) VALUES ('b48808b5-83b9-4dcf-a470-246105674d7c', '2020-10-15 16:08:50', 'ec4326d0-d490-4d5a-9105-260b51fd16d0', NULL, NULL, 'r2sc8ufe', '2020-10-15 16:08:50', 'b01201c9-abd0-49fa-bea0-60b53e705323', '1e481805-256f-4013-9768-b5fffd16c0d4', '0');
INSERT IGNORE INTO `workbench`.`wb_label_application_relation` (`label_application_id`, `create_time`, `creator`, `modified_time`, `modifier`, `tenant_id`, `ts`, `application_id`, `label_id`, `type_label_order`) VALUES ('fef201d4-09e2-4f6d-8dfc-09a27a82c01e', '2020-10-15 16:08:50', 'ec4326d0-d490-4d5a-9105-260b51fd16d0', NULL, NULL, 'r2sc8ufe', '2020-10-15 16:08:50', 'b01201c9-abd0-49fa-bea0-60b53e705323', 'ed10046a-962c-4770-9e5b-c914fe7757d8', '0');
INSERT IGNORE INTO `workbench`.`wb_label_application_relation` (`label_application_id`, `create_time`, `creator`, `modified_time`, `modifier`, `tenant_id`, `ts`, `application_id`, `label_id`, `type_label_order`) VALUES ('e2fe3f5a-d0a7-4d4f-9b91-a73fc2248189', '2020-08-19 10:24:03', 'ec4326d0-d490-4d5a-9105-260b51fd16d0', NULL, NULL, 'r2sc8ufe', '2020-08-19 10:24:03', 'baa6c78b-5783-4eae-b571-d3189ed7bce2', '5835577a-8cc7-4ca0-b2f2-06f5e5565d67', '0');
INSERT IGNORE INTO `workbench`.`wb_label_application_relation` (`label_application_id`, `create_time`, `creator`, `modified_time`, `modifier`, `tenant_id`, `ts`, `application_id`, `label_id`, `type_label_order`) VALUES ('f8e156f5-7ac4-4f95-8b50-d0635d093615', '2020-08-19 10:24:03', 'ec4326d0-d490-4d5a-9105-260b51fd16d0', NULL, NULL, 'r2sc8ufe', '2020-08-19 10:24:03', 'baa6c78b-5783-4eae-b571-d3189ed7bce2', 'ed10046a-962c-4770-9e5b-c914fe7757d8', '0');
INSERT IGNORE INTO `workbench`.`wb_label_application_relation` (`label_application_id`, `create_time`, `creator`, `modified_time`, `modifier`, `tenant_id`, `ts`, `application_id`, `label_id`, `type_label_order`) VALUES ('447cb956-f15a-4c6b-b61a-f230ab4ee964', '2020-08-19 15:59:45', 'ec4326d0-d490-4d5a-9105-260b51fd16d0', NULL, NULL, 'r2sc8ufe', '2020-08-19 15:59:45', 'e0eb227b-77c1-461e-aca2-37df5f229d6d', 'ed10046a-962c-4770-9e5b-c914fe7757d8', '0');
INSERT IGNORE INTO `workbench`.`wb_label_application_relation` (`label_application_id`, `create_time`, `creator`, `modified_time`, `modifier`, `tenant_id`, `ts`, `application_id`, `label_id`, `type_label_order`) VALUES ('625b8c65-0b0c-486b-b208-436acf5e6b45', '2020-08-19 15:59:45', 'ec4326d0-d490-4d5a-9105-260b51fd16d0', NULL, NULL, 'r2sc8ufe', '2020-08-19 15:59:45', 'e0eb227b-77c1-461e-aca2-37df5f229d6d', '5835577a-8cc7-4ca0-b2f2-06f5e5565d67', '0');


INSERT IGNORE INTO `workbench`.`wb_application` (`application_id`, `create_time`, `creator`, `modified_time`, `modifier`, `tenant_id`, `ts`, `application_code`, `application_icon`, `application_name`, `enable`, `application_desc`, `client_status`, `phone_status`, `simple_status`, `web_status`, `orders`, `short_cut`, `application_type`, `eternal`, `expired`, `multi_title_ext`, `multi_title_ext0`, `multi_title_ext1`, `multi_title_ext2`, `multi_title_ext3`, `multi_title_ext4`, `multi_title_ext5`, `application_Name_Ext2`, `application_Name_Ext3`, `application_Name_Ext4`, `application_Name_Ext5`, `application_name_ext6`, `application_name_ext0`, `application_name_ext1`, `version`, `dingding_status`, `vx_status`, `native_mobile_status`, `create_way`, `lisence`) VALUES ('32205da5-a419-48b2-8ec3-cad3b10425b7', '2020-08-24 10:50:24', NULL, NULL, NULL, 'r2sc8ufe', NULL, 'GT50AT16', './appstore/app-27.png', '红旗标准作业', b'1', NULL, b'0', b'0', b'0', b'0', '0', b'0', '1', b'0', NULL, NULL, NULL, NULL, NULL, NULL, NULL, NULL, NULL, NULL, NULL, NULL, NULL, NULL, NULL, NULL, b'0', b'0', b'0', '2', NULL);
INSERT IGNORE INTO `workbench`.`wb_application` (`application_id`, `create_time`, `creator`, `modified_time`, `modifier`, `tenant_id`, `ts`, `application_code`, `application_icon`, `application_name`, `enable`, `application_desc`, `client_status`, `phone_status`, `simple_status`, `web_status`, `orders`, `short_cut`, `application_type`, `eternal`, `expired`, `multi_title_ext`, `multi_title_ext0`, `multi_title_ext1`, `multi_title_ext2`, `multi_title_ext3`, `multi_title_ext4`, `multi_title_ext5`, `application_Name_Ext2`, `application_Name_Ext3`, `application_Name_Ext4`, `application_Name_Ext5`, `application_name_ext6`, `application_name_ext0`, `application_name_ext1`, `version`, `dingding_status`, `vx_status`, `native_mobile_status`, `create_way`, `lisence`) VALUES ('5216121d-ac78-4dbe-a33c-a09517417de6', '2020-08-19 15:59:25', 'ec4326d0-d490-4d5a-9105-260b51fd16d0', NULL, NULL, 'r2sc8ufe', NULL, 'ca3afa32-03a4-418b-bcc4-9077d737e77a', '/premises-cdn/pro/diwork/appicon/Artboard 2 Copy 10.png', '车型清单', b'1', '车型清单', b'0', b'0', b'0', b'0', '0', b'0', '1', b'0', NULL, NULL, NULL, NULL, NULL, NULL, NULL, NULL, NULL, NULL, NULL, NULL, NULL, NULL, NULL, NULL, b'0', b'0', b'0', '0', NULL);
INSERT IGNORE INTO `workbench`.`wb_application` (`application_id`, `create_time`, `creator`, `modified_time`, `modifier`, `tenant_id`, `ts`, `application_code`, `application_icon`, `application_name`, `enable`, `application_desc`, `client_status`, `phone_status`, `simple_status`, `web_status`, `orders`, `short_cut`, `application_type`, `eternal`, `expired`, `multi_title_ext`, `multi_title_ext0`, `multi_title_ext1`, `multi_title_ext2`, `multi_title_ext3`, `multi_title_ext4`, `multi_title_ext5`, `application_Name_Ext2`, `application_Name_Ext3`, `application_Name_Ext4`, `application_Name_Ext5`, `application_name_ext6`, `application_name_ext0`, `application_name_ext1`, `version`, `dingding_status`, `vx_status`, `native_mobile_status`, `create_way`, `lisence`) VALUES ('5499987b-8b77-4b35-bbeb-0f9c316adebf', '2020-08-19 13:51:35', 'ec4326d0-d490-4d5a-9105-260b51fd16d0', NULL, NULL, 'r2sc8ufe', NULL, '8aa89248-8400-476a-bfb9-50c25eaae681', '/premises-cdn/pro/diwork/appicon/Artboard 2 Copy 10.png', '标准作业管理', b'1', '标准作业管理', b'0', b'0', b'0', b'0', '0', b'0', '1', b'0', NULL, NULL, NULL, NULL, NULL, NULL, NULL, NULL, NULL, NULL, NULL, NULL, NULL, NULL, NULL, NULL, b'0', b'0', b'0', '0', NULL);
INSERT IGNORE INTO `workbench`.`wb_application` (`application_id`, `create_time`, `creator`, `modified_time`, `modifier`, `tenant_id`, `ts`, `application_code`, `application_icon`, `application_name`, `enable`, `application_desc`, `client_status`, `phone_status`, `simple_status`, `web_status`, `orders`, `short_cut`, `application_type`, `eternal`, `expired`, `multi_title_ext`, `multi_title_ext0`, `multi_title_ext1`, `multi_title_ext2`, `multi_title_ext3`, `multi_title_ext4`, `multi_title_ext5`, `application_Name_Ext2`, `application_Name_Ext3`, `application_Name_Ext4`, `application_Name_Ext5`, `application_name_ext6`, `application_name_ext0`, `application_name_ext1`, `version`, `dingding_status`, `vx_status`, `native_mobile_status`, `create_way`, `lisence`) VALUES ('673333a4-1a78-4f83-a51e-42cf4792ab89', '2020-10-23 08:09:14', 'ec4326d0-d490-4d5a-9105-260b51fd16d0', NULL, NULL, 'r2sc8ufe', NULL, 'ccb0de15-384e-41ff-8c1e-f29b4af4d87f', '/premises-cdn/pro/diwork/appicon/Artboard 2 Copy 10.png', '检查法', b'1', '检查法', b'0', b'0', b'0', b'0', '0', b'0', '1', b'0', NULL, NULL, NULL, NULL, NULL, NULL, NULL, NULL, NULL, NULL, NULL, NULL, NULL, NULL, NULL, NULL, b'0', b'0', b'0', '0', NULL);
INSERT IGNORE INTO `workbench`.`wb_application` (`application_id`, `create_time`, `creator`, `modified_time`, `modifier`, `tenant_id`, `ts`, `application_code`, `application_icon`, `application_name`, `enable`, `application_desc`, `client_status`, `phone_status`, `simple_status`, `web_status`, `orders`, `short_cut`, `application_type`, `eternal`, `expired`, `multi_title_ext`, `multi_title_ext0`, `multi_title_ext1`, `multi_title_ext2`, `multi_title_ext3`, `multi_title_ext4`, `multi_title_ext5`, `application_Name_Ext2`, `application_Name_Ext3`, `application_Name_Ext4`, `application_Name_Ext5`, `application_name_ext6`, `application_name_ext0`, `application_name_ext1`, `version`, `dingding_status`, `vx_status`, `native_mobile_status`, `create_way`, `lisence`) VALUES ('87b25c49-e35f-4542-92f4-0df26aa8dcdb', '2020-10-20 14:13:30', 'ec4326d0-d490-4d5a-9105-260b51fd16d0', NULL, NULL, 'r2sc8ufe', NULL, '8c0dbf31-d90c-456c-a2d5-c0b8ab70dd1f', '/premises-cdn/pro/diwork/appicon/Artboard 2 Copy 23.png', '计划维护(工作流版) ', b'1', '', b'0', b'0', b'0', b'0', '0', b'0', '1', b'0', NULL, NULL, NULL, NULL, NULL, NULL, NULL, NULL, NULL, NULL, NULL, NULL, NULL, NULL, NULL, NULL, b'0', b'0', b'0', '0', NULL);
INSERT IGNORE INTO `workbench`.`wb_application` (`application_id`, `create_time`, `creator`, `modified_time`, `modifier`, `tenant_id`, `ts`, `application_code`, `application_icon`, `application_name`, `enable`, `application_desc`, `client_status`, `phone_status`, `simple_status`, `web_status`, `orders`, `short_cut`, `application_type`, `eternal`, `expired`, `multi_title_ext`, `multi_title_ext0`, `multi_title_ext1`, `multi_title_ext2`, `multi_title_ext3`, `multi_title_ext4`, `multi_title_ext5`, `application_Name_Ext2`, `application_Name_Ext3`, `application_Name_Ext4`, `application_Name_Ext5`, `application_name_ext6`, `application_name_ext0`, `application_name_ext1`, `version`, `dingding_status`, `vx_status`, `native_mobile_status`, `create_way`, `lisence`) VALUES ('9e9a9bed-97e4-4ae8-9f0f-b06f0172ec57', '2020-10-15 16:08:19', 'ec4326d0-d490-4d5a-9105-260b51fd16d0', NULL, NULL, 'r2sc8ufe', NULL, 'cf3f8575-8d13-4284-84dd-e1d3cc9264f9', '/premises-cdn/pro/diwork/appicon/Artboard 2 Copy 18.png', '岗位管理', b'1', '', b'0', b'0', b'0', b'0', '0', b'0', '1', b'0', NULL, NULL, NULL, NULL, NULL, NULL, NULL, NULL, NULL, NULL, NULL, NULL, NULL, NULL, NULL, NULL, b'0', b'0', b'0', '0', NULL);
INSERT IGNORE INTO `workbench`.`wb_application` (`application_id`, `create_time`, `creator`, `modified_time`, `modifier`, `tenant_id`, `ts`, `application_code`, `application_icon`, `application_name`, `enable`, `application_desc`, `client_status`, `phone_status`, `simple_status`, `web_status`, `orders`, `short_cut`, `application_type`, `eternal`, `expired`, `multi_title_ext`, `multi_title_ext0`, `multi_title_ext1`, `multi_title_ext2`, `multi_title_ext3`, `multi_title_ext4`, `multi_title_ext5`, `application_Name_Ext2`, `application_Name_Ext3`, `application_Name_Ext4`, `application_Name_Ext5`, `application_name_ext6`, `application_name_ext0`, `application_name_ext1`, `version`, `dingding_status`, `vx_status`, `native_mobile_status`, `create_way`, `lisence`) VALUES ('a6900d45-3226-4926-8c6c-e14da32bdda8', '2020-10-22 15:55:06', 'ec4326d0-d490-4d5a-9105-260b51fd16d0', NULL, NULL, 'r2sc8ufe', NULL, 'GT14AT6', './appstore/app-28.png', '红旗标准作业', b'1', NULL, b'0', b'0', b'0', b'0', '0', b'0', '1', b'0', NULL, NULL, NULL, NULL, NULL, NULL, NULL, NULL, NULL, NULL, NULL, NULL, NULL, NULL, NULL, NULL, b'0', b'0', b'0', '2', NULL);
INSERT IGNORE INTO `workbench`.`wb_application` (`application_id`, `create_time`, `creator`, `modified_time`, `modifier`, `tenant_id`, `ts`, `application_code`, `application_icon`, `application_name`, `enable`, `application_desc`, `client_status`, `phone_status`, `simple_status`, `web_status`, `orders`, `short_cut`, `application_type`, `eternal`, `expired`, `multi_title_ext`, `multi_title_ext0`, `multi_title_ext1`, `multi_title_ext2`, `multi_title_ext3`, `multi_title_ext4`, `multi_title_ext5`, `application_Name_Ext2`, `application_Name_Ext3`, `application_Name_Ext4`, `application_Name_Ext5`, `application_name_ext6`, `application_name_ext0`, `application_name_ext1`, `version`, `dingding_status`, `vx_status`, `native_mobile_status`, `create_way`, `lisence`) VALUES ('b01201c9-abd0-49fa-bea0-60b53e705323', '2020-10-15 16:04:08', 'ec4326d0-d490-4d5a-9105-260b51fd16d0', '2020-10-15 16:08:50', 'ec4326d0-d490-4d5a-9105-260b51fd16d0', 'r2sc8ufe', NULL, 'a6825b7d-8cba-449c-9ea1-457f07cde82d', '/premises-cdn/pro/diwork/appicon/Artboard 2 Copy 8.png', '作业要素与岗位管理', b'1', '', b'0', b'0', b'0', b'0', '0', b'0', '1', b'0', NULL, NULL, NULL, NULL, NULL, NULL, NULL, NULL, NULL, NULL, NULL, NULL, NULL, NULL, NULL, NULL, b'0', b'0', b'0', '0', NULL);
INSERT IGNORE INTO `workbench`.`wb_application` (`application_id`, `create_time`, `creator`, `modified_time`, `modifier`, `tenant_id`, `ts`, `application_code`, `application_icon`, `application_name`, `enable`, `application_desc`, `client_status`, `phone_status`, `simple_status`, `web_status`, `orders`, `short_cut`, `application_type`, `eternal`, `expired`, `multi_title_ext`, `multi_title_ext0`, `multi_title_ext1`, `multi_title_ext2`, `multi_title_ext3`, `multi_title_ext4`, `multi_title_ext5`, `application_Name_Ext2`, `application_Name_Ext3`, `application_Name_Ext4`, `application_Name_Ext5`, `application_name_ext6`, `application_name_ext0`, `application_name_ext1`, `version`, `dingding_status`, `vx_status`, `native_mobile_status`, `create_way`, `lisence`) VALUES ('baa6c78b-5783-4eae-b571-d3189ed7bce2', '2020-08-19 10:24:03', 'ec4326d0-d490-4d5a-9105-260b51fd16d0', NULL, NULL, 'r2sc8ufe', NULL, '7d2c1a23-a33b-41a0-9e2a-e54afbeff725', '/premises-cdn/pro/diwork/appicon/Artboard 2 Copy 10.png', '计划管理', b'1', '计划管理', b'0', b'0', b'0', b'0', '0', b'0', '1', b'0', NULL, NULL, NULL, NULL, NULL, NULL, NULL, NULL, NULL, NULL, NULL, NULL, NULL, NULL, NULL, NULL, b'0', b'0', b'0', '0', NULL);
INSERT IGNORE INTO `workbench`.`wb_application` (`application_id`, `create_time`, `creator`, `modified_time`, `modifier`, `tenant_id`, `ts`, `application_code`, `application_icon`, `application_name`, `enable`, `application_desc`, `client_status`, `phone_status`, `simple_status`, `web_status`, `orders`, `short_cut`, `application_type`, `eternal`, `expired`, `multi_title_ext`, `multi_title_ext0`, `multi_title_ext1`, `multi_title_ext2`, `multi_title_ext3`, `multi_title_ext4`, `multi_title_ext5`, `application_Name_Ext2`, `application_Name_Ext3`, `application_Name_Ext4`, `application_Name_Ext5`, `application_name_ext6`, `application_name_ext0`, `application_name_ext1`, `version`, `dingding_status`, `vx_status`, `native_mobile_status`, `create_way`, `lisence`) VALUES ('e0eb227b-77c1-461e-aca2-37df5f229d6d', '2020-08-19 15:59:45', 'ec4326d0-d490-4d5a-9105-260b51fd16d0', '2020-09-23 16:40:55', 'ec4326d0-d490-4d5a-9105-260b51fd16d0', 'r2sc8ufe', NULL, '383ca8d2-3faa-412b-82ab-77c7f6a246de', '/premises-cdn/pro/diwork/appicon/Artboard 2 Copy 10.png', '数据字典', b'1', '数据字典', b'0', b'0', b'0', b'0', '0', b'0', '1', b'0', NULL, NULL, NULL, NULL, NULL, NULL, NULL, NULL, NULL, NULL, NULL, NULL, NULL, NULL, NULL, NULL, b'0', b'0', b'0', '0', NULL);


INSERT IGNORE INTO `workbench`.`wb_label` (`label_id`, `create_time`, `creator`, `modified_time`, `modifier`, `tenant_id`, `ts`, `label_code`, `label_name`, `label_type`, `orders`, `sys_label`, `label_Name_ext2`, `label_Name_ext3`, `label_Name_ext4`, `label_Name_ext5`, `label_name_ext6`, `label_name_ext0`, `label_name_ext1`) VALUES ('5835577a-8cc7-4ca0-b2f2-06f5e5565d67', '2020-08-19 10:17:36', 'ec4326d0-d490-4d5a-9105-260b51fd16d0', NULL, NULL, 'r2sc8ufe', '2020-08-19 10:17:36', '261687e7-a2f9-4192-83c0-379a5f949287', '红旗标准作业', 'type', '14', '1', NULL, NULL, NULL, NULL, NULL, NULL, NULL);
INSERT IGNORE INTO `workbench`.`wb_label` (`label_id`, `create_time`, `creator`, `modified_time`, `modifier`, `tenant_id`, `ts`, `label_code`, `label_name`, `label_type`, `orders`, `sys_label`, `label_Name_ext2`, `label_Name_ext3`, `label_Name_ext4`, `label_Name_ext5`, `label_name_ext6`, `label_name_ext0`, `label_name_ext1`) VALUES ('1e481805-256f-4013-9768-b5fffd16c0d4', '2020-08-19 10:11:39', 'ec4326d0-d490-4d5a-9105-260b51fd16d0', NULL, NULL, 'r2sc8ufe', '2020-08-19 10:11:39', '10f59bf9-4b0d-4421-956f-7c099a6d6074', '红旗标准作业', 'type', '14', '1', NULL, NULL, NULL, NULL, NULL, NULL, NULL);
INSERT IGNORE INTO `workbench`.`wb_label` (`label_id`, `create_time`, `creator`, `modified_time`, `modifier`, `tenant_id`, `ts`, `label_code`, `label_name`, `label_type`, `orders`, `sys_label`, `label_Name_ext2`, `label_Name_ext3`, `label_Name_ext4`, `label_Name_ext5`, `label_name_ext6`, `label_name_ext0`, `label_name_ext1`) VALUES ('00abfce9-e626-46c1-a243-e407344e312d', '2020-10-12 16:25:08', 'r2sc8ufe', '2020-06-12 10:04:53', NULL, 'r2sc8ufe', '2020-10-12 16:25:08', 'data_intelliv', '数据智能', 'type', '5', '0', 'Data Intelligence', '數據智慧', '', '', '', NULL, NULL);


INSERT IGNORE INTO `workbench`.`wb_service` (`service_id`, `create_time`, `creator`, `modified_time`, `modifier`, `tenant_id`, `ts`, `application_id`, `client_status`, `enable`, `phone_status`, `service_code`, `service_icon`, `service_name`, `url`, `web_status`, `retail_status`, `ykj_id`, `capable`, `everyone`, `cross_tenant`, `group_menbers_unuse`, `level`, `strategy`, `team_menbers_unuse`, `sys_everyone`, `phone_order`, `multi_title_ext`, `business_type`, `multi_title_ext0`, `multi_title_ext1`, `multi_title_ext2`, `multi_title_ext3`, `multi_title_ext4`, `multi_title_ext5`, `service_Name_ext2`, `service_Name_ext3`, `service_Name_ext4`, `service_Name_ext5`, `ext1`, `ext2`, `ext3`, `ext4`, `ext5`, `ext6`, `ext7`, `ext8`, `ext9`, `ext10`, `open_new_tab`, `ncc_enable`, `business_type_int`, `service_name_ext6`, `service_name_ext0`, `service_name_ext1`, `lisence_before_open`, `service_type`, `org_funcations`, `application_code`, `org_funcations_global`, `authid`, `orders`, `dingding_status`, `vx_status`, `native_mobile_status`, `identitys`, `causation`, `native_url`) VALUES ('1425e017-6979-4ab3-b9ee-90e332612e6d', '2020-08-19 16:01:28', 'ec4326d0-d490-4d5a-9105-260b51fd16d0', '2020-10-23 09:12:59', 'ec4326d0-d490-4d5a-9105-260b51fd16d0', 'r2sc8ufe', '2020-08-19 16:01:28', '5216121d-ac78-4dbe-a33c-a09517417de6', b'0', b'1', b'0', '4064b9ee-46f7-4361-8e20-d88bcf578293', '/premises-cdn/pro/diwork/appicon/Artboard 2 Copy 10.png', '车型清单', 'https://app.faw.cn/hqsop-fe-pro/modelCar/#/', b'1', b'0', '0', b'0', b'0', b'0', NULL, '0', '', b'0', b'1', '0', NULL, NULL, NULL, NULL, NULL, NULL, NULL, NULL, NULL, NULL, NULL, NULL, NULL, NULL, NULL, NULL, NULL, NULL, NULL, NULL, NULL, NULL, b'0', b'0', '1', NULL, NULL, NULL, b'1', '1', NULL, NULL, b'0', NULL, '99', b'0', b'0', b'0', '1', NULL, NULL);
INSERT IGNORE INTO `workbench`.`wb_service` (`service_id`, `create_time`, `creator`, `modified_time`, `modifier`, `tenant_id`, `ts`, `application_id`, `client_status`, `enable`, `phone_status`, `service_code`, `service_icon`, `service_name`, `url`, `web_status`, `retail_status`, `ykj_id`, `capable`, `everyone`, `cross_tenant`, `group_menbers_unuse`, `level`, `strategy`, `team_menbers_unuse`, `sys_everyone`, `phone_order`, `multi_title_ext`, `business_type`, `multi_title_ext0`, `multi_title_ext1`, `multi_title_ext2`, `multi_title_ext3`, `multi_title_ext4`, `multi_title_ext5`, `service_Name_ext2`, `service_Name_ext3`, `service_Name_ext4`, `service_Name_ext5`, `ext1`, `ext2`, `ext3`, `ext4`, `ext5`, `ext6`, `ext7`, `ext8`, `ext9`, `ext10`, `open_new_tab`, `ncc_enable`, `business_type_int`, `service_name_ext6`, `service_name_ext0`, `service_name_ext1`, `lisence_before_open`, `service_type`, `org_funcations`, `application_code`, `org_funcations_global`, `authid`, `orders`, `dingding_status`, `vx_status`, `native_mobile_status`, `identitys`, `causation`, `native_url`) VALUES ('11d6e44a-f215-44c7-aa8b-700e7e42c32d', '2020-08-19 14:23:26', 'ec4326d0-d490-4d5a-9105-260b51fd16d0', '2020-10-23 09:10:04', 'ec4326d0-d490-4d5a-9105-260b51fd16d0', 'r2sc8ufe', '2020-08-19 14:23:26', '5499987b-8b77-4b35-bbeb-0f9c316adebf', b'0', b'1', b'0', '1c72c667-ef58-4250-af5f-f10ae20fea14', '/premises-cdn/pro/diwork/appicon/Artboard 2 Copy 10.png', '总装手顺书', 'https://app.faw.cn/hqsop-fe-pro/SOperSequenceZZ/#/', b'1', b'0', '0', b'0', b'0', b'0', NULL, '0', '', b'0', b'1', '0', NULL, NULL, NULL, NULL, NULL, NULL, NULL, NULL, NULL, NULL, NULL, NULL, NULL, NULL, NULL, NULL, NULL, NULL, NULL, NULL, NULL, NULL, b'0', b'0', '1', NULL, NULL, NULL, b'1', '1', NULL, NULL, b'0', NULL, '99', b'0', b'0', b'0', '1', NULL, NULL);
INSERT IGNORE INTO `workbench`.`wb_service` (`service_id`, `create_time`, `creator`, `modified_time`, `modifier`, `tenant_id`, `ts`, `application_id`, `client_status`, `enable`, `phone_status`, `service_code`, `service_icon`, `service_name`, `url`, `web_status`, `retail_status`, `ykj_id`, `capable`, `everyone`, `cross_tenant`, `group_menbers_unuse`, `level`, `strategy`, `team_menbers_unuse`, `sys_everyone`, `phone_order`, `multi_title_ext`, `business_type`, `multi_title_ext0`, `multi_title_ext1`, `multi_title_ext2`, `multi_title_ext3`, `multi_title_ext4`, `multi_title_ext5`, `service_Name_ext2`, `service_Name_ext3`, `service_Name_ext4`, `service_Name_ext5`, `ext1`, `ext2`, `ext3`, `ext4`, `ext5`, `ext6`, `ext7`, `ext8`, `ext9`, `ext10`, `open_new_tab`, `ncc_enable`, `business_type_int`, `service_name_ext6`, `service_name_ext0`, `service_name_ext1`, `lisence_before_open`, `service_type`, `org_funcations`, `application_code`, `org_funcations_global`, `authid`, `orders`, `dingding_status`, `vx_status`, `native_mobile_status`, `identitys`, `causation`, `native_url`) VALUES ('35408c4c-8a66-4d93-ac84-ea77bf5ef4fe', '2020-08-19 14:22:52', 'ec4326d0-d490-4d5a-9105-260b51fd16d0', '2020-10-23 09:10:04', 'ec4326d0-d490-4d5a-9105-260b51fd16d0', 'r2sc8ufe', '2020-08-19 14:22:52', '5499987b-8b77-4b35-bbeb-0f9c316adebf', b'0', b'1', b'0', 'aaf9a8af-e4ef-49f9-98dd-e7bd1ac9e60c', '/premises-cdn/pro/diwork/appicon/Artboard 2 Copy 10.png', '涂装手顺书', 'https://app.faw.cn/hqsop-fe-pro/SOperSequenceTZ/#/', b'1', b'0', '0', b'0', b'0', b'0', NULL, '0', '', b'0', b'1', '0', NULL, NULL, NULL, NULL, NULL, NULL, NULL, NULL, NULL, NULL, NULL, NULL, NULL, NULL, NULL, NULL, NULL, NULL, NULL, NULL, NULL, NULL, b'0', b'0', '1', NULL, NULL, NULL, b'1', '1', NULL, NULL, b'0', NULL, '99', b'0', b'0', b'0', '1', NULL, NULL);
INSERT IGNORE INTO `workbench`.`wb_service` (`service_id`, `create_time`, `creator`, `modified_time`, `modifier`, `tenant_id`, `ts`, `application_id`, `client_status`, `enable`, `phone_status`, `service_code`, `service_icon`, `service_name`, `url`, `web_status`, `retail_status`, `ykj_id`, `capable`, `everyone`, `cross_tenant`, `group_menbers_unuse`, `level`, `strategy`, `team_menbers_unuse`, `sys_everyone`, `phone_order`, `multi_title_ext`, `business_type`, `multi_title_ext0`, `multi_title_ext1`, `multi_title_ext2`, `multi_title_ext3`, `multi_title_ext4`, `multi_title_ext5`, `service_Name_ext2`, `service_Name_ext3`, `service_Name_ext4`, `service_Name_ext5`, `ext1`, `ext2`, `ext3`, `ext4`, `ext5`, `ext6`, `ext7`, `ext8`, `ext9`, `ext10`, `open_new_tab`, `ncc_enable`, `business_type_int`, `service_name_ext6`, `service_name_ext0`, `service_name_ext1`, `lisence_before_open`, `service_type`, `org_funcations`, `application_code`, `org_funcations_global`, `authid`, `orders`, `dingding_status`, `vx_status`, `native_mobile_status`, `identitys`, `causation`, `native_url`) VALUES ('52ef2e12-e008-45d0-8401-7148871acbe0', '2020-08-19 14:27:30', 'ec4326d0-d490-4d5a-9105-260b51fd16d0', '2020-10-27 16:36:20', 'ec4326d0-d490-4d5a-9105-260b51fd16d0', 'r2sc8ufe', '2020-08-19 14:27:30', '5499987b-8b77-4b35-bbeb-0f9c316adebf', b'0', b'1', b'0', 'd77f7ac9-2ae7-4cd7-a64d-25ddd12adcb7', '/premises-cdn/pro/diwork/appicon/Artboard 2 Copy 10.png', '焊装品质整备', 'https://app.faw.cn/hqsop-fe-pro/squaAssurance/#/', b'1', b'0', '0', b'0', b'0', b'0', NULL, '0', '', b'0', b'1', '0', NULL, NULL, NULL, NULL, NULL, NULL, NULL, NULL, NULL, NULL, NULL, NULL, NULL, NULL, NULL, NULL, NULL, NULL, NULL, NULL, NULL, NULL, b'0', b'0', '1', NULL, NULL, NULL, b'1', '1', NULL, NULL, b'0', NULL, '99', b'0', b'0', b'0', '1', NULL, NULL);
INSERT IGNORE INTO `workbench`.`wb_service` (`service_id`, `create_time`, `creator`, `modified_time`, `modifier`, `tenant_id`, `ts`, `application_id`, `client_status`, `enable`, `phone_status`, `service_code`, `service_icon`, `service_name`, `url`, `web_status`, `retail_status`, `ykj_id`, `capable`, `everyone`, `cross_tenant`, `group_menbers_unuse`, `level`, `strategy`, `team_menbers_unuse`, `sys_everyone`, `phone_order`, `multi_title_ext`, `business_type`, `multi_title_ext0`, `multi_title_ext1`, `multi_title_ext2`, `multi_title_ext3`, `multi_title_ext4`, `multi_title_ext5`, `service_Name_ext2`, `service_Name_ext3`, `service_Name_ext4`, `service_Name_ext5`, `ext1`, `ext2`, `ext3`, `ext4`, `ext5`, `ext6`, `ext7`, `ext8`, `ext9`, `ext10`, `open_new_tab`, `ncc_enable`, `business_type_int`, `service_name_ext6`, `service_name_ext0`, `service_name_ext1`, `lisence_before_open`, `service_type`, `org_funcations`, `application_code`, `org_funcations_global`, `authid`, `orders`, `dingding_status`, `vx_status`, `native_mobile_status`, `identitys`, `causation`, `native_url`) VALUES ('547734b1-9ac3-4b4c-a9c1-33d1336c3c2b', '2020-08-19 15:03:09', 'ec4326d0-d490-4d5a-9105-260b51fd16d0', '2020-10-23 09:10:04', 'ec4326d0-d490-4d5a-9105-260b51fd16d0', 'r2sc8ufe', '2020-08-19 15:03:09', '5499987b-8b77-4b35-bbeb-0f9c316adebf', b'0', b'1', b'0', 'abe98502-f978-49ca-a1ec-ccf27d1257d9', '/premises-cdn/pro/diwork/appicon/Artboard 2 Copy 10.png', '焊装要领书', 'https://app.faw.cn/hqsop-fe-pro/essentialsWelding/#/', b'1', b'0', '0', b'0', b'0', b'0', NULL, '0', '', b'0', b'1', '0', NULL, NULL, NULL, NULL, NULL, NULL, NULL, NULL, NULL, NULL, NULL, NULL, NULL, NULL, NULL, NULL, NULL, NULL, NULL, NULL, NULL, NULL, b'0', b'0', '1', NULL, NULL, NULL, b'1', '1', NULL, NULL, b'0', NULL, '99', b'0', b'0', b'0', '1', NULL, NULL);
INSERT IGNORE INTO `workbench`.`wb_service` (`service_id`, `create_time`, `creator`, `modified_time`, `modifier`, `tenant_id`, `ts`, `application_id`, `client_status`, `enable`, `phone_status`, `service_code`, `service_icon`, `service_name`, `url`, `web_status`, `retail_status`, `ykj_id`, `capable`, `everyone`, `cross_tenant`, `group_menbers_unuse`, `level`, `strategy`, `team_menbers_unuse`, `sys_everyone`, `phone_order`, `multi_title_ext`, `business_type`, `multi_title_ext0`, `multi_title_ext1`, `multi_title_ext2`, `multi_title_ext3`, `multi_title_ext4`, `multi_title_ext5`, `service_Name_ext2`, `service_Name_ext3`, `service_Name_ext4`, `service_Name_ext5`, `ext1`, `ext2`, `ext3`, `ext4`, `ext5`, `ext6`, `ext7`, `ext8`, `ext9`, `ext10`, `open_new_tab`, `ncc_enable`, `business_type_int`, `service_name_ext6`, `service_name_ext0`, `service_name_ext1`, `lisence_before_open`, `service_type`, `org_funcations`, `application_code`, `org_funcations_global`, `authid`, `orders`, `dingding_status`, `vx_status`, `native_mobile_status`, `identitys`, `causation`, `native_url`) VALUES ('68e855c1-b5a6-4ab5-9e8f-cd70207a4fe5', '2020-08-19 15:56:06', 'ec4326d0-d490-4d5a-9105-260b51fd16d0', '2020-10-23 09:10:04', 'ec4326d0-d490-4d5a-9105-260b51fd16d0', 'r2sc8ufe', '2020-08-19 15:56:06', '5499987b-8b77-4b35-bbeb-0f9c316adebf', b'0', b'1', b'0', '22b0a86f-92ed-41d8-a001-6937a2cd23d3', '/premises-cdn/pro/diwork/appicon/Artboard 2 Copy 10.png', '总装组合表', 'https://app.faw.cn/hqsop-fe-pro/SCombinationZZ/#/', b'1', b'0', '0', b'0', b'0', b'0', NULL, '0', '', b'0', b'1', '0', NULL, NULL, NULL, NULL, NULL, NULL, NULL, NULL, NULL, NULL, NULL, NULL, NULL, NULL, NULL, NULL, NULL, NULL, NULL, NULL, NULL, NULL, b'0', b'0', '1', NULL, NULL, NULL, b'1', '1', NULL, NULL, b'0', NULL, '99', b'0', b'0', b'0', '1', NULL, NULL);
INSERT IGNORE INTO `workbench`.`wb_service` (`service_id`, `create_time`, `creator`, `modified_time`, `modifier`, `tenant_id`, `ts`, `application_id`, `client_status`, `enable`, `phone_status`, `service_code`, `service_icon`, `service_name`, `url`, `web_status`, `retail_status`, `ykj_id`, `capable`, `everyone`, `cross_tenant`, `group_menbers_unuse`, `level`, `strategy`, `team_menbers_unuse`, `sys_everyone`, `phone_order`, `multi_title_ext`, `business_type`, `multi_title_ext0`, `multi_title_ext1`, `multi_title_ext2`, `multi_title_ext3`, `multi_title_ext4`, `multi_title_ext5`, `service_Name_ext2`, `service_Name_ext3`, `service_Name_ext4`, `service_Name_ext5`, `ext1`, `ext2`, `ext3`, `ext4`, `ext5`, `ext6`, `ext7`, `ext8`, `ext9`, `ext10`, `open_new_tab`, `ncc_enable`, `business_type_int`, `service_name_ext6`, `service_name_ext0`, `service_name_ext1`, `lisence_before_open`, `service_type`, `org_funcations`, `application_code`, `org_funcations_global`, `authid`, `orders`, `dingding_status`, `vx_status`, `native_mobile_status`, `identitys`, `causation`, `native_url`) VALUES ('76529031-8196-43b1-aa86-332688676cbe', '2020-08-19 14:27:58', 'ec4326d0-d490-4d5a-9105-260b51fd16d0', '2020-10-27 16:32:06', 'ec4326d0-d490-4d5a-9105-260b51fd16d0', 'r2sc8ufe', '2020-08-19 14:27:58', '5499987b-8b77-4b35-bbeb-0f9c316adebf', b'0', b'1', b'0', 'd7ed372a-b740-440e-8d8a-81227634498d', '/premises-cdn/pro/diwork/appicon/Artboard 2 Copy 10.png', '涂装品质整备', 'https://app.faw.cn/hqsop-fe-pro/squaAssuranceTZ/#/', b'1', b'0', '0', b'0', b'0', b'0', NULL, '0', '', b'0', b'1', '0', NULL, NULL, NULL, NULL, NULL, NULL, NULL, NULL, NULL, NULL, NULL, NULL, NULL, NULL, NULL, NULL, NULL, NULL, NULL, NULL, NULL, NULL, b'0', b'0', '1', NULL, NULL, NULL, b'1', '1', NULL, NULL, b'0', NULL, '99', b'0', b'0', b'0', '1', NULL, NULL);
INSERT IGNORE INTO `workbench`.`wb_service` (`service_id`, `create_time`, `creator`, `modified_time`, `modifier`, `tenant_id`, `ts`, `application_id`, `client_status`, `enable`, `phone_status`, `service_code`, `service_icon`, `service_name`, `url`, `web_status`, `retail_status`, `ykj_id`, `capable`, `everyone`, `cross_tenant`, `group_menbers_unuse`, `level`, `strategy`, `team_menbers_unuse`, `sys_everyone`, `phone_order`, `multi_title_ext`, `business_type`, `multi_title_ext0`, `multi_title_ext1`, `multi_title_ext2`, `multi_title_ext3`, `multi_title_ext4`, `multi_title_ext5`, `service_Name_ext2`, `service_Name_ext3`, `service_Name_ext4`, `service_Name_ext5`, `ext1`, `ext2`, `ext3`, `ext4`, `ext5`, `ext6`, `ext7`, `ext8`, `ext9`, `ext10`, `open_new_tab`, `ncc_enable`, `business_type_int`, `service_name_ext6`, `service_name_ext0`, `service_name_ext1`, `lisence_before_open`, `service_type`, `org_funcations`, `application_code`, `org_funcations_global`, `authid`, `orders`, `dingding_status`, `vx_status`, `native_mobile_status`, `identitys`, `causation`, `native_url`) VALUES ('7c30d791-732f-4481-ba9d-88e42c3c51f3', '2020-08-19 14:24:23', 'ec4326d0-d490-4d5a-9105-260b51fd16d0', '2020-10-23 09:10:04', 'ec4326d0-d490-4d5a-9105-260b51fd16d0', 'r2sc8ufe', '2020-08-19 14:24:23', '5499987b-8b77-4b35-bbeb-0f9c316adebf', b'0', b'1', b'0', '96a9a5a5-7b71-4ee1-9525-eb99675f50dc', '/premises-cdn/pro/diwork/appicon/Artboard 2 Copy 10.png', '质保部手顺书', 'https://app.faw.cn/hqsop-fe-pro/SOperSequenceZB/#/', b'1', b'0', '0', b'0', b'0', b'0', NULL, '0', '', b'0', b'1', '0', NULL, NULL, NULL, NULL, NULL, NULL, NULL, NULL, NULL, NULL, NULL, NULL, NULL, NULL, NULL, NULL, NULL, NULL, NULL, NULL, NULL, NULL, b'0', b'0', '1', NULL, NULL, NULL, b'1', '1', NULL, NULL, b'0', NULL, '99', b'0', b'0', b'0', '1', NULL, NULL);
INSERT IGNORE INTO `workbench`.`wb_service` (`service_id`, `create_time`, `creator`, `modified_time`, `modifier`, `tenant_id`, `ts`, `application_id`, `client_status`, `enable`, `phone_status`, `service_code`, `service_icon`, `service_name`, `url`, `web_status`, `retail_status`, `ykj_id`, `capable`, `everyone`, `cross_tenant`, `group_menbers_unuse`, `level`, `strategy`, `team_menbers_unuse`, `sys_everyone`, `phone_order`, `multi_title_ext`, `business_type`, `multi_title_ext0`, `multi_title_ext1`, `multi_title_ext2`, `multi_title_ext3`, `multi_title_ext4`, `multi_title_ext5`, `service_Name_ext2`, `service_Name_ext3`, `service_Name_ext4`, `service_Name_ext5`, `ext1`, `ext2`, `ext3`, `ext4`, `ext5`, `ext6`, `ext7`, `ext8`, `ext9`, `ext10`, `open_new_tab`, `ncc_enable`, `business_type_int`, `service_name_ext6`, `service_name_ext0`, `service_name_ext1`, `lisence_before_open`, `service_type`, `org_funcations`, `application_code`, `org_funcations_global`, `authid`, `orders`, `dingding_status`, `vx_status`, `native_mobile_status`, `identitys`, `causation`, `native_url`) VALUES ('7de86702-a889-4d57-a8de-07006b15211b', '2020-08-19 15:03:58', 'ec4326d0-d490-4d5a-9105-260b51fd16d0', '2020-10-23 09:10:04', 'ec4326d0-d490-4d5a-9105-260b51fd16d0', 'r2sc8ufe', '2020-08-19 15:03:58', '5499987b-8b77-4b35-bbeb-0f9c316adebf', b'0', b'1', b'0', '78a4dfc2-a157-4bd6-a6c4-50f55be1a3b5', '/premises-cdn/pro/diwork/appicon/Artboard 2 Copy 10.png', '涂装要领书', 'https://app.faw.cn/hqsop-fe-pro/essentialsPainting/#/', b'1', b'0', '0', b'0', b'0', b'0', NULL, '0', '', b'0', b'1', '0', NULL, NULL, NULL, NULL, NULL, NULL, NULL, NULL, NULL, NULL, NULL, NULL, NULL, NULL, NULL, NULL, NULL, NULL, NULL, NULL, NULL, NULL, b'0', b'0', '1', NULL, NULL, NULL, b'1', '1', NULL, NULL, b'0', NULL, '99', b'0', b'0', b'0', '1', NULL, NULL);
INSERT IGNORE INTO `workbench`.`wb_service` (`service_id`, `create_time`, `creator`, `modified_time`, `modifier`, `tenant_id`, `ts`, `application_id`, `client_status`, `enable`, `phone_status`, `service_code`, `service_icon`, `service_name`, `url`, `web_status`, `retail_status`, `ykj_id`, `capable`, `everyone`, `cross_tenant`, `group_menbers_unuse`, `level`, `strategy`, `team_menbers_unuse`, `sys_everyone`, `phone_order`, `multi_title_ext`, `business_type`, `multi_title_ext0`, `multi_title_ext1`, `multi_title_ext2`, `multi_title_ext3`, `multi_title_ext4`, `multi_title_ext5`, `service_Name_ext2`, `service_Name_ext3`, `service_Name_ext4`, `service_Name_ext5`, `ext1`, `ext2`, `ext3`, `ext4`, `ext5`, `ext6`, `ext7`, `ext8`, `ext9`, `ext10`, `open_new_tab`, `ncc_enable`, `business_type_int`, `service_name_ext6`, `service_name_ext0`, `service_name_ext1`, `lisence_before_open`, `service_type`, `org_funcations`, `application_code`, `org_funcations_global`, `authid`, `orders`, `dingding_status`, `vx_status`, `native_mobile_status`, `identitys`, `causation`, `native_url`) VALUES ('863fbb8a-a09c-46cd-9a9a-608a09f8ac31', '2020-08-19 14:22:18', 'ec4326d0-d490-4d5a-9105-260b51fd16d0', '2020-10-28 10:09:46', 'ec4326d0-d490-4d5a-9105-260b51fd16d0', 'r2sc8ufe', '2020-08-19 14:22:18', '5499987b-8b77-4b35-bbeb-0f9c316adebf', b'0', b'1', b'0', 'bafaee0b-115f-4b1b-ac27-2ad12f4bc528', '/premises-cdn/pro/diwork/appicon/Artboard 2 Copy 10.png', '焊装手顺书', 'https://app.faw.cn/hqsop-fe-pro/SOperSequence/#/', b'1', b'0', '0', b'0', b'0', b'0', NULL, '0', '', b'0', b'1', '0', NULL, NULL, NULL, NULL, NULL, NULL, NULL, NULL, NULL, NULL, NULL, NULL, NULL, NULL, NULL, NULL, NULL, NULL, NULL, NULL, NULL, NULL, b'0', b'0', '1', NULL, NULL, NULL, b'1', '1', NULL, NULL, b'0', NULL, '99', b'0', b'0', b'0', '1', NULL, NULL);
INSERT IGNORE INTO `workbench`.`wb_service` (`service_id`, `create_time`, `creator`, `modified_time`, `modifier`, `tenant_id`, `ts`, `application_id`, `client_status`, `enable`, `phone_status`, `service_code`, `service_icon`, `service_name`, `url`, `web_status`, `retail_status`, `ykj_id`, `capable`, `everyone`, `cross_tenant`, `group_menbers_unuse`, `level`, `strategy`, `team_menbers_unuse`, `sys_everyone`, `phone_order`, `multi_title_ext`, `business_type`, `multi_title_ext0`, `multi_title_ext1`, `multi_title_ext2`, `multi_title_ext3`, `multi_title_ext4`, `multi_title_ext5`, `service_Name_ext2`, `service_Name_ext3`, `service_Name_ext4`, `service_Name_ext5`, `ext1`, `ext2`, `ext3`, `ext4`, `ext5`, `ext6`, `ext7`, `ext8`, `ext9`, `ext10`, `open_new_tab`, `ncc_enable`, `business_type_int`, `service_name_ext6`, `service_name_ext0`, `service_name_ext1`, `lisence_before_open`, `service_type`, `org_funcations`, `application_code`, `org_funcations_global`, `authid`, `orders`, `dingding_status`, `vx_status`, `native_mobile_status`, `identitys`, `causation`, `native_url`) VALUES ('923417c5-5e3b-4ed0-894d-320dd10c65de', '2020-10-23 08:12:16', 'ec4326d0-d490-4d5a-9105-260b51fd16d0', '2020-10-23 09:10:04', 'ec4326d0-d490-4d5a-9105-260b51fd16d0', 'r2sc8ufe', '2020-10-23 08:12:16', '5499987b-8b77-4b35-bbeb-0f9c316adebf', b'0', b'1', b'0', '4f75e5f4-a8b4-4ca3-9987-f85107bc7bae', '/premises-cdn/pro/diwork/appicon/Artboard 2 Copy 10.png', '质保部要领书', 'https://app.faw.cn/hqsop-fe-pro/essentialsZB/#/', b'1', b'0', '0', b'0', b'0', b'0', NULL, '0', '', b'0', b'1', '0', NULL, NULL, NULL, NULL, NULL, NULL, NULL, NULL, NULL, NULL, NULL, NULL, NULL, NULL, NULL, NULL, NULL, NULL, NULL, NULL, NULL, NULL, b'0', b'0', '1', NULL, NULL, NULL, b'1', '1', NULL, NULL, b'0', NULL, '99', b'0', b'0', b'0', '1', NULL, NULL);
INSERT IGNORE INTO `workbench`.`wb_service` (`service_id`, `create_time`, `creator`, `modified_time`, `modifier`, `tenant_id`, `ts`, `application_id`, `client_status`, `enable`, `phone_status`, `service_code`, `service_icon`, `service_name`, `url`, `web_status`, `retail_status`, `ykj_id`, `capable`, `everyone`, `cross_tenant`, `group_menbers_unuse`, `level`, `strategy`, `team_menbers_unuse`, `sys_everyone`, `phone_order`, `multi_title_ext`, `business_type`, `multi_title_ext0`, `multi_title_ext1`, `multi_title_ext2`, `multi_title_ext3`, `multi_title_ext4`, `multi_title_ext5`, `service_Name_ext2`, `service_Name_ext3`, `service_Name_ext4`, `service_Name_ext5`, `ext1`, `ext2`, `ext3`, `ext4`, `ext5`, `ext6`, `ext7`, `ext8`, `ext9`, `ext10`, `open_new_tab`, `ncc_enable`, `business_type_int`, `service_name_ext6`, `service_name_ext0`, `service_name_ext1`, `lisence_before_open`, `service_type`, `org_funcations`, `application_code`, `org_funcations_global`, `authid`, `orders`, `dingding_status`, `vx_status`, `native_mobile_status`, `identitys`, `causation`, `native_url`) VALUES ('b0208eaf-1c13-4e81-b083-8be30bbde572', '2020-10-23 08:12:39', 'ec4326d0-d490-4d5a-9105-260b51fd16d0', '2020-10-23 09:10:04', 'ec4326d0-d490-4d5a-9105-260b51fd16d0', 'r2sc8ufe', '2020-10-23 08:12:39', '5499987b-8b77-4b35-bbeb-0f9c316adebf', b'0', b'1', b'0', '5f24f9a9-dd4b-4f17-a404-712a6c75b2ad', '/premises-cdn/pro/diwork/appicon/Artboard 2 Copy 10.png', '制造部要领书', 'https://app.faw.cn/hqsop-fe-pro/SOperSequenceZB/#/', b'1', b'0', '0', b'0', b'0', b'0', NULL, '0', '', b'0', b'1', '0', NULL, NULL, NULL, NULL, NULL, NULL, NULL, NULL, NULL, NULL, NULL, NULL, NULL, NULL, NULL, NULL, NULL, NULL, NULL, NULL, NULL, NULL, b'0', b'0', '1', NULL, NULL, NULL, b'1', '1', NULL, NULL, b'0', NULL, '99', b'0', b'0', b'0', '1', NULL, NULL);
INSERT IGNORE INTO `workbench`.`wb_service` (`service_id`, `create_time`, `creator`, `modified_time`, `modifier`, `tenant_id`, `ts`, `application_id`, `client_status`, `enable`, `phone_status`, `service_code`, `service_icon`, `service_name`, `url`, `web_status`, `retail_status`, `ykj_id`, `capable`, `everyone`, `cross_tenant`, `group_menbers_unuse`, `level`, `strategy`, `team_menbers_unuse`, `sys_everyone`, `phone_order`, `multi_title_ext`, `business_type`, `multi_title_ext0`, `multi_title_ext1`, `multi_title_ext2`, `multi_title_ext3`, `multi_title_ext4`, `multi_title_ext5`, `service_Name_ext2`, `service_Name_ext3`, `service_Name_ext4`, `service_Name_ext5`, `ext1`, `ext2`, `ext3`, `ext4`, `ext5`, `ext6`, `ext7`, `ext8`, `ext9`, `ext10`, `open_new_tab`, `ncc_enable`, `business_type_int`, `service_name_ext6`, `service_name_ext0`, `service_name_ext1`, `lisence_before_open`, `service_type`, `org_funcations`, `application_code`, `org_funcations_global`, `authid`, `orders`, `dingding_status`, `vx_status`, `native_mobile_status`, `identitys`, `causation`, `native_url`) VALUES ('dd5c84c9-71c3-4821-99a3-fb5b97f841a1', '2020-08-19 14:28:22', 'ec4326d0-d490-4d5a-9105-260b51fd16d0', '2020-10-23 09:10:04', 'ec4326d0-d490-4d5a-9105-260b51fd16d0', 'r2sc8ufe', '2020-08-19 14:28:22', '5499987b-8b77-4b35-bbeb-0f9c316adebf', b'0', b'1', b'0', '022809d3-2da4-405a-ab71-b5384a5fb522', '/premises-cdn/pro/diwork/appicon/Artboard 2 Copy 10.png', '总装品质整备', 'https://app.faw.cn/hqsop-fe-pro/squaAssuranceZZ/#/', b'1', b'0', '0', b'0', b'0', b'0', NULL, '0', '', b'0', b'1', '0', NULL, NULL, NULL, NULL, NULL, NULL, NULL, NULL, NULL, NULL, NULL, NULL, NULL, NULL, NULL, NULL, NULL, NULL, NULL, NULL, NULL, NULL, b'0', b'0', '1', NULL, NULL, NULL, b'1', '1', NULL, NULL, b'0', NULL, '99', b'0', b'0', b'0', '1', NULL, NULL);
INSERT IGNORE INTO `workbench`.`wb_service` (`service_id`, `create_time`, `creator`, `modified_time`, `modifier`, `tenant_id`, `ts`, `application_id`, `client_status`, `enable`, `phone_status`, `service_code`, `service_icon`, `service_name`, `url`, `web_status`, `retail_status`, `ykj_id`, `capable`, `everyone`, `cross_tenant`, `group_menbers_unuse`, `level`, `strategy`, `team_menbers_unuse`, `sys_everyone`, `phone_order`, `multi_title_ext`, `business_type`, `multi_title_ext0`, `multi_title_ext1`, `multi_title_ext2`, `multi_title_ext3`, `multi_title_ext4`, `multi_title_ext5`, `service_Name_ext2`, `service_Name_ext3`, `service_Name_ext4`, `service_Name_ext5`, `ext1`, `ext2`, `ext3`, `ext4`, `ext5`, `ext6`, `ext7`, `ext8`, `ext9`, `ext10`, `open_new_tab`, `ncc_enable`, `business_type_int`, `service_name_ext6`, `service_name_ext0`, `service_name_ext1`, `lisence_before_open`, `service_type`, `org_funcations`, `application_code`, `org_funcations_global`, `authid`, `orders`, `dingding_status`, `vx_status`, `native_mobile_status`, `identitys`, `causation`, `native_url`) VALUES ('e0bd63de-7b1f-4dbb-9ff8-8e7ca9883972', '2020-08-19 15:04:38', 'ec4326d0-d490-4d5a-9105-260b51fd16d0', '2020-10-23 09:10:04', 'ec4326d0-d490-4d5a-9105-260b51fd16d0', 'r2sc8ufe', '2020-08-19 15:04:38', '5499987b-8b77-4b35-bbeb-0f9c316adebf', b'0', b'1', b'0', '349e3a3f-6219-4f2e-a142-bf9f44b2fc25', '/premises-cdn/pro/diwork/appicon/Artboard 2 Copy 10.png', '总装要领书', 'https://app.faw.cn/hqsop-fe-pro/essentialsAssemble/#/', b'1', b'0', '0', b'0', b'0', b'0', NULL, '0', '', b'0', b'1', '0', NULL, NULL, NULL, NULL, NULL, NULL, NULL, NULL, NULL, NULL, NULL, NULL, NULL, NULL, NULL, NULL, NULL, NULL, NULL, NULL, NULL, NULL, b'0', b'0', '1', NULL, NULL, NULL, b'1', '1', NULL, NULL, b'0', NULL, '99', b'0', b'0', b'0', '1', NULL, NULL);
INSERT IGNORE INTO `workbench`.`wb_service` (`service_id`, `create_time`, `creator`, `modified_time`, `modifier`, `tenant_id`, `ts`, `application_id`, `client_status`, `enable`, `phone_status`, `service_code`, `service_icon`, `service_name`, `url`, `web_status`, `retail_status`, `ykj_id`, `capable`, `everyone`, `cross_tenant`, `group_menbers_unuse`, `level`, `strategy`, `team_menbers_unuse`, `sys_everyone`, `phone_order`, `multi_title_ext`, `business_type`, `multi_title_ext0`, `multi_title_ext1`, `multi_title_ext2`, `multi_title_ext3`, `multi_title_ext4`, `multi_title_ext5`, `service_Name_ext2`, `service_Name_ext3`, `service_Name_ext4`, `service_Name_ext5`, `ext1`, `ext2`, `ext3`, `ext4`, `ext5`, `ext6`, `ext7`, `ext8`, `ext9`, `ext10`, `open_new_tab`, `ncc_enable`, `business_type_int`, `service_name_ext6`, `service_name_ext0`, `service_name_ext1`, `lisence_before_open`, `service_type`, `org_funcations`, `application_code`, `org_funcations_global`, `authid`, `orders`, `dingding_status`, `vx_status`, `native_mobile_status`, `identitys`, `causation`, `native_url`) VALUES ('ee4c6c62-6571-424e-930c-7c44f6283467', '2020-08-19 15:06:21', 'ec4326d0-d490-4d5a-9105-260b51fd16d0', '2020-10-23 09:10:04', 'ec4326d0-d490-4d5a-9105-260b51fd16d0', 'r2sc8ufe', '2020-08-19 15:06:21', '5499987b-8b77-4b35-bbeb-0f9c316adebf', b'0', b'1', b'0', '6d5da45d-5ff0-4320-a03f-8988a4d638bd', '/premises-cdn/pro/diwork/appicon/Artboard 2 Copy 10.png', '焊装组合表', 'https://app.faw.cn/hqsop-fe-pro/SCombination/#/', b'1', b'0', '0', b'0', b'0', b'0', NULL, '0', '', b'0', b'1', '0', NULL, NULL, NULL, NULL, NULL, NULL, NULL, NULL, NULL, NULL, NULL, NULL, NULL, NULL, NULL, NULL, NULL, NULL, NULL, NULL, NULL, NULL, b'0', b'0', '1', NULL, NULL, NULL, b'1', '1', NULL, NULL, b'0', NULL, '99', b'0', b'0', b'0', '1', NULL, NULL);
INSERT IGNORE INTO `workbench`.`wb_service` (`service_id`, `create_time`, `creator`, `modified_time`, `modifier`, `tenant_id`, `ts`, `application_id`, `client_status`, `enable`, `phone_status`, `service_code`, `service_icon`, `service_name`, `url`, `web_status`, `retail_status`, `ykj_id`, `capable`, `everyone`, `cross_tenant`, `group_menbers_unuse`, `level`, `strategy`, `team_menbers_unuse`, `sys_everyone`, `phone_order`, `multi_title_ext`, `business_type`, `multi_title_ext0`, `multi_title_ext1`, `multi_title_ext2`, `multi_title_ext3`, `multi_title_ext4`, `multi_title_ext5`, `service_Name_ext2`, `service_Name_ext3`, `service_Name_ext4`, `service_Name_ext5`, `ext1`, `ext2`, `ext3`, `ext4`, `ext5`, `ext6`, `ext7`, `ext8`, `ext9`, `ext10`, `open_new_tab`, `ncc_enable`, `business_type_int`, `service_name_ext6`, `service_name_ext0`, `service_name_ext1`, `lisence_before_open`, `service_type`, `org_funcations`, `application_code`, `org_funcations_global`, `authid`, `orders`, `dingding_status`, `vx_status`, `native_mobile_status`, `identitys`, `causation`, `native_url`) VALUES ('fdbb57b4-2e9e-4705-9df5-7f32a360a5a9', '2020-08-19 15:55:44', 'ec4326d0-d490-4d5a-9105-260b51fd16d0', '2020-10-23 09:10:04', 'ec4326d0-d490-4d5a-9105-260b51fd16d0', 'r2sc8ufe', '2020-08-19 15:55:44', '5499987b-8b77-4b35-bbeb-0f9c316adebf', b'0', b'1', b'0', '52173ce6-1a1e-4e6c-a0e0-3a8b556c503f', '/premises-cdn/pro/diwork/appicon/Artboard 2 Copy 10.png', '涂装组合表', 'https://app.faw.cn/hqsop-fe-pro/SCombinationTZ/#/', b'1', b'0', '0', b'0', b'0', b'0', NULL, '0', '', b'0', b'1', '0', NULL, NULL, NULL, NULL, NULL, NULL, NULL, NULL, NULL, NULL, NULL, NULL, NULL, NULL, NULL, NULL, NULL, NULL, NULL, NULL, NULL, NULL, b'0', b'0', '1', NULL, NULL, NULL, b'1', '1', NULL, NULL, b'0', NULL, '99', b'0', b'0', b'0', '1', NULL, NULL);
INSERT IGNORE INTO `workbench`.`wb_service` (`service_id`, `create_time`, `creator`, `modified_time`, `modifier`, `tenant_id`, `ts`, `application_id`, `client_status`, `enable`, `phone_status`, `service_code`, `service_icon`, `service_name`, `url`, `web_status`, `retail_status`, `ykj_id`, `capable`, `everyone`, `cross_tenant`, `group_menbers_unuse`, `level`, `strategy`, `team_menbers_unuse`, `sys_everyone`, `phone_order`, `multi_title_ext`, `business_type`, `multi_title_ext0`, `multi_title_ext1`, `multi_title_ext2`, `multi_title_ext3`, `multi_title_ext4`, `multi_title_ext5`, `service_Name_ext2`, `service_Name_ext3`, `service_Name_ext4`, `service_Name_ext5`, `ext1`, `ext2`, `ext3`, `ext4`, `ext5`, `ext6`, `ext7`, `ext8`, `ext9`, `ext10`, `open_new_tab`, `ncc_enable`, `business_type_int`, `service_name_ext6`, `service_name_ext0`, `service_name_ext1`, `lisence_before_open`, `service_type`, `org_funcations`, `application_code`, `org_funcations_global`, `authid`, `orders`, `dingding_status`, `vx_status`, `native_mobile_status`, `identitys`, `causation`, `native_url`) VALUES ('1c7e217d-b810-4796-91fd-5e7fab1396f1', '2020-10-23 08:11:15', 'ec4326d0-d490-4d5a-9105-260b51fd16d0', '2020-10-23 16:39:12', 'ec4326d0-d490-4d5a-9105-260b51fd16d0', 'r2sc8ufe', '2020-10-23 08:11:15', '673333a4-1a78-4f83-a51e-42cf4792ab89', b'0', b'1', b'0', '2efab8b3-56b3-428b-9bcd-4053c3d92108', '/premises-cdn/pro/diwork/appicon/Artboard 2 Copy 10.png', '检查法', 'https://app.faw.cn/hqsop-fe-pro/checkMethod/#/', b'1', b'0', '0', b'0', b'0', b'0', NULL, '0', '', b'0', b'1', '0', NULL, NULL, NULL, NULL, NULL, NULL, NULL, NULL, NULL, NULL, NULL, NULL, NULL, NULL, NULL, NULL, NULL, NULL, NULL, NULL, NULL, NULL, b'0', b'0', '1', NULL, NULL, NULL, b'1', '1', NULL, NULL, b'0', NULL, '99', b'0', b'0', b'0', '1', NULL, NULL);
INSERT IGNORE INTO `workbench`.`wb_service` (`service_id`, `create_time`, `creator`, `modified_time`, `modifier`, `tenant_id`, `ts`, `application_id`, `client_status`, `enable`, `phone_status`, `service_code`, `service_icon`, `service_name`, `url`, `web_status`, `retail_status`, `ykj_id`, `capable`, `everyone`, `cross_tenant`, `group_menbers_unuse`, `level`, `strategy`, `team_menbers_unuse`, `sys_everyone`, `phone_order`, `multi_title_ext`, `business_type`, `multi_title_ext0`, `multi_title_ext1`, `multi_title_ext2`, `multi_title_ext3`, `multi_title_ext4`, `multi_title_ext5`, `service_Name_ext2`, `service_Name_ext3`, `service_Name_ext4`, `service_Name_ext5`, `ext1`, `ext2`, `ext3`, `ext4`, `ext5`, `ext6`, `ext7`, `ext8`, `ext9`, `ext10`, `open_new_tab`, `ncc_enable`, `business_type_int`, `service_name_ext6`, `service_name_ext0`, `service_name_ext1`, `lisence_before_open`, `service_type`, `org_funcations`, `application_code`, `org_funcations_global`, `authid`, `orders`, `dingding_status`, `vx_status`, `native_mobile_status`, `identitys`, `causation`, `native_url`) VALUES ('ebc4586c-aed5-44e9-93a9-ad7d851d3136', '2020-10-20 14:14:17', 'ec4326d0-d490-4d5a-9105-260b51fd16d0', '2020-10-28 17:03:11', 'ec4326d0-d490-4d5a-9105-260b51fd16d0', 'r2sc8ufe', '2020-10-20 14:14:17', '87b25c49-e35f-4542-92f4-0df26aa8dcdb', b'0', b'1', b'0', '6a6966cf-2a61-42fd-a3df-12f3f35d84dc', '/premises-cdn/pro/diwork/appicon/Artboard 2 Copy 23.png', '计划维护(工作流版) ', 'https://app.faw.cn/hqsop-fe-pro/planMangerFlow/', b'1', b'0', '0', b'0', b'0', b'0', NULL, '0', '', b'0', b'1', '0', NULL, NULL, NULL, NULL, NULL, NULL, NULL, NULL, NULL, NULL, NULL, NULL, NULL, NULL, NULL, NULL, NULL, NULL, NULL, NULL, NULL, NULL, b'0', b'0', '1', NULL, NULL, NULL, b'1', '1', NULL, NULL, b'0', NULL, '99', b'0', b'0', b'0', '1', NULL, NULL);
INSERT IGNORE INTO `workbench`.`wb_service` (`service_id`, `create_time`, `creator`, `modified_time`, `modifier`, `tenant_id`, `ts`, `application_id`, `client_status`, `enable`, `phone_status`, `service_code`, `service_icon`, `service_name`, `url`, `web_status`, `retail_status`, `ykj_id`, `capable`, `everyone`, `cross_tenant`, `group_menbers_unuse`, `level`, `strategy`, `team_menbers_unuse`, `sys_everyone`, `phone_order`, `multi_title_ext`, `business_type`, `multi_title_ext0`, `multi_title_ext1`, `multi_title_ext2`, `multi_title_ext3`, `multi_title_ext4`, `multi_title_ext5`, `service_Name_ext2`, `service_Name_ext3`, `service_Name_ext4`, `service_Name_ext5`, `ext1`, `ext2`, `ext3`, `ext4`, `ext5`, `ext6`, `ext7`, `ext8`, `ext9`, `ext10`, `open_new_tab`, `ncc_enable`, `business_type_int`, `service_name_ext6`, `service_name_ext0`, `service_name_ext1`, `lisence_before_open`, `service_type`, `org_funcations`, `application_code`, `org_funcations_global`, `authid`, `orders`, `dingding_status`, `vx_status`, `native_mobile_status`, `identitys`, `causation`, `native_url`) VALUES ('52809882-78db-4e3e-adcc-7846574bb76f', '2020-10-15 16:09:53', 'ec4326d0-d490-4d5a-9105-260b51fd16d0', '2020-10-16 09:20:59', 'ec4326d0-d490-4d5a-9105-260b51fd16d0', 'r2sc8ufe', '2020-10-15 16:09:53', '9e9a9bed-97e4-4ae8-9f0f-b06f0172ec57', b'0', b'1', b'0', 'eab61a76-338d-4ca9-b63f-09e4cd0080bb', '/premises-cdn/pro/diwork/appicon/Artboard 2 Copy 13.png', '岗位管理', 'https://app.faw.cn/hqsop-fe-pro/postMeterOrg/#/', b'1', b'0', '0', b'0', b'0', b'0', NULL, '0', '', b'0', b'1', '0', NULL, NULL, NULL, NULL, NULL, NULL, NULL, NULL, NULL, NULL, NULL, NULL, NULL, NULL, NULL, NULL, NULL, NULL, NULL, NULL, NULL, NULL, b'0', b'0', '2', NULL, NULL, NULL, b'1', '1', NULL, NULL, b'0', NULL, '99', b'0', b'0', b'0', '1', NULL, NULL);
INSERT IGNORE INTO `workbench`.`wb_service` (`service_id`, `create_time`, `creator`, `modified_time`, `modifier`, `tenant_id`, `ts`, `application_id`, `client_status`, `enable`, `phone_status`, `service_code`, `service_icon`, `service_name`, `url`, `web_status`, `retail_status`, `ykj_id`, `capable`, `everyone`, `cross_tenant`, `group_menbers_unuse`, `level`, `strategy`, `team_menbers_unuse`, `sys_everyone`, `phone_order`, `multi_title_ext`, `business_type`, `multi_title_ext0`, `multi_title_ext1`, `multi_title_ext2`, `multi_title_ext3`, `multi_title_ext4`, `multi_title_ext5`, `service_Name_ext2`, `service_Name_ext3`, `service_Name_ext4`, `service_Name_ext5`, `ext1`, `ext2`, `ext3`, `ext4`, `ext5`, `ext6`, `ext7`, `ext8`, `ext9`, `ext10`, `open_new_tab`, `ncc_enable`, `business_type_int`, `service_name_ext6`, `service_name_ext0`, `service_name_ext1`, `lisence_before_open`, `service_type`, `org_funcations`, `application_code`, `org_funcations_global`, `authid`, `orders`, `dingding_status`, `vx_status`, `native_mobile_status`, `identitys`, `causation`, `native_url`) VALUES ('6c99dede-9a1a-4df0-9ebc-f3d4f0d815ee', '2020-10-15 16:05:45', 'ec4326d0-d490-4d5a-9105-260b51fd16d0', '2020-10-16 09:21:06', 'ec4326d0-d490-4d5a-9105-260b51fd16d0', 'r2sc8ufe', '2020-10-15 16:05:45', 'b01201c9-abd0-49fa-bea0-60b53e705323', b'0', b'1', b'0', '09ef85ec-8eda-4c75-9631-c451a070691c', '/premises-cdn/pro/diwork/appicon/Artboard 2 Copy 13.png', '作业岗位管理', 'https://app.faw.cn/hqsop-fe-pro/postElement/#/', b'1', b'0', '0', b'0', b'0', b'0', NULL, '0', '', b'0', b'1', '0', NULL, NULL, NULL, NULL, NULL, NULL, NULL, NULL, NULL, NULL, NULL, NULL, NULL, NULL, NULL, NULL, NULL, NULL, NULL, NULL, NULL, NULL, b'0', b'0', '2', NULL, NULL, NULL, b'1', '1', NULL, NULL, b'0', NULL, '99', b'0', b'0', b'0', '1', NULL, NULL);
INSERT IGNORE INTO `workbench`.`wb_service` (`service_id`, `create_time`, `creator`, `modified_time`, `modifier`, `tenant_id`, `ts`, `application_id`, `client_status`, `enable`, `phone_status`, `service_code`, `service_icon`, `service_name`, `url`, `web_status`, `retail_status`, `ykj_id`, `capable`, `everyone`, `cross_tenant`, `group_menbers_unuse`, `level`, `strategy`, `team_menbers_unuse`, `sys_everyone`, `phone_order`, `multi_title_ext`, `business_type`, `multi_title_ext0`, `multi_title_ext1`, `multi_title_ext2`, `multi_title_ext3`, `multi_title_ext4`, `multi_title_ext5`, `service_Name_ext2`, `service_Name_ext3`, `service_Name_ext4`, `service_Name_ext5`, `ext1`, `ext2`, `ext3`, `ext4`, `ext5`, `ext6`, `ext7`, `ext8`, `ext9`, `ext10`, `open_new_tab`, `ncc_enable`, `business_type_int`, `service_name_ext6`, `service_name_ext0`, `service_name_ext1`, `lisence_before_open`, `service_type`, `org_funcations`, `application_code`, `org_funcations_global`, `authid`, `orders`, `dingding_status`, `vx_status`, `native_mobile_status`, `identitys`, `causation`, `native_url`) VALUES ('2cbb9f95-ca22-4e18-962e-ee6b12966ef8', '2020-08-19 14:20:59', 'ec4326d0-d490-4d5a-9105-260b51fd16d0', '2020-10-23 09:12:18', 'ec4326d0-d490-4d5a-9105-260b51fd16d0', 'r2sc8ufe', '2020-08-19 14:20:59', 'baa6c78b-5783-4eae-b571-d3189ed7bce2', b'0', b'1', b'0', '5f7afa98-c470-4385-adde-338fab77837f', '/premises-cdn/pro/diwork/appicon/Artboard 2 Copy 10.png', '计划维护', 'https://app.faw.cn/hqsop-fe-pro/planManger/#/', b'1', b'0', '0', b'0', b'0', b'0', NULL, '0', '', b'0', b'1', '0', NULL, NULL, NULL, NULL, NULL, NULL, NULL, NULL, NULL, NULL, NULL, NULL, NULL, NULL, NULL, NULL, NULL, NULL, NULL, NULL, NULL, NULL, b'0', b'0', '1', NULL, NULL, NULL, b'1', '1', NULL, NULL, b'0', NULL, '99', b'0', b'0', b'0', '1', NULL, NULL);
INSERT IGNORE INTO `workbench`.`wb_service` (`service_id`, `create_time`, `creator`, `modified_time`, `modifier`, `tenant_id`, `ts`, `application_id`, `client_status`, `enable`, `phone_status`, `service_code`, `service_icon`, `service_name`, `url`, `web_status`, `retail_status`, `ykj_id`, `capable`, `everyone`, `cross_tenant`, `group_menbers_unuse`, `level`, `strategy`, `team_menbers_unuse`, `sys_everyone`, `phone_order`, `multi_title_ext`, `business_type`, `multi_title_ext0`, `multi_title_ext1`, `multi_title_ext2`, `multi_title_ext3`, `multi_title_ext4`, `multi_title_ext5`, `service_Name_ext2`, `service_Name_ext3`, `service_Name_ext4`, `service_Name_ext5`, `ext1`, `ext2`, `ext3`, `ext4`, `ext5`, `ext6`, `ext7`, `ext8`, `ext9`, `ext10`, `open_new_tab`, `ncc_enable`, `business_type_int`, `service_name_ext6`, `service_name_ext0`, `service_name_ext1`, `lisence_before_open`, `service_type`, `org_funcations`, `application_code`, `org_funcations_global`, `authid`, `orders`, `dingding_status`, `vx_status`, `native_mobile_status`, `identitys`, `causation`, `native_url`) VALUES ('e78f151c-9640-4c50-af5f-226c3e56ff74', '2020-08-19 16:00:42', 'ec4326d0-d490-4d5a-9105-260b51fd16d0', '2020-10-13 15:43:50', 'ec4326d0-d490-4d5a-9105-260b51fd16d0', 'r2sc8ufe', '2020-08-19 16:00:42', 'e0eb227b-77c1-461e-aca2-37df5f229d6d', b'0', b'1', b'0', 'a133254e-b831-47b7-bd8b-a043b1fd7d94', '/premises-cdn/pro/diwork/appicon/Artboard 2 Copy 10.png', '数据字典', 'https://app.faw.cn/hqsop-fe-pro/sysadReference/#/', b'1', b'0', '0', b'0', b'0', b'0', NULL, '0', '', b'0', b'1', '0', NULL, NULL, NULL, NULL, NULL, NULL, NULL, NULL, NULL, NULL, NULL, NULL, NULL, NULL, NULL, NULL, NULL, NULL, NULL, NULL, NULL, NULL, b'0', b'0', '2', NULL, NULL, NULL, b'1', '1', NULL, NULL, b'0', NULL, '99', b'0', b'0', b'0', '1', NULL, NULL);


INSERT IGNORE INTO `workbench`.`wb_menubar` (`menu_bar_id`, `create_time`, `creator`, `modified_time`, `modifier`, `tenant_id`, `ts`, `application_id`, `has_tab`, `has_top_nav`, `menu_bar_code`, `menu_bar_icon`, `menu_bar_name`, `single`, `menu_Bar_Name_ext2`, `menu_Bar_Name_ext3`, `menu_Bar_Name_ext4`, `menu_Bar_Name_ext5`, `workspace_style`, `menu_bar_name_ext6`, `menu_bar_name_ext0`, `menu_bar_name_ext1`, `menubar_order`, `plugin_menuitem_code`, `sys_menu`, `enable`) VALUES ('ab6152e0-d881-4284-a1ae-fb9789edfb6f', '2020-08-19 12:57:55', 'ec4326d0-d490-4d5a-9105-260b51fd16d0', '2020-10-21 18:42:10', 'ec4326d0-d490-4d5a-9105-260b51fd16d0', 'r2sc8ufe', NULL, NULL, b'0', b'0', '71004716-73f3-459b-9f1b-ce8deb6e75e8', '/premises-cdn/pro/workbench/default.svg', '红旗标准作业', b'0', NULL, NULL, NULL, NULL, NULL, NULL, NULL, NULL, '12', NULL, '1', b'1');


INSERT IGNORE INTO `workbench`.`wb_menuitem` (`menu_item_id`, `create_time`, `creator`, `modified_time`, `modifier`, `tenant_id`, `ts`, `menu_bar_id`, `menu_item_code`, `menu_item_default`, `menu_item_icon`, `menu_item_name`, `parent_id`, `menu_item_order`, `service_id`, `menu_item_Name_ext2`, `menu_item_Name_ext3`, `menu_item_Name_ext4`, `menu_item_Name_ext5`, `menu_item_name_ext6`, `menu_item_name_ext0`, `menu_item_name_ext1`, `sys_menu`, `enable`) VALUES ('00230a50-f809-405d-a479-53509eaf4c36', '2020-08-19 13:12:23', 'ec4326d0-d490-4d5a-9105-260b51fd16d0', '2020-08-19 13:12:32', 'ec4326d0-d490-4d5a-9105-260b51fd16d0', 'r2sc8ufe', NULL, 'ab6152e0-d881-4284-a1ae-fb9789edfb6f', '0a3aad22-7a6e-4987-9699-109f1d14ef8d', b'0', NULL, '变更单查询/导出', '7c54259b-cb5f-4806-887b-fb6d5e2c9fe1', '2', '', NULL, NULL, NULL, NULL, NULL, NULL, NULL, '1', b'1');
INSERT IGNORE INTO `workbench`.`wb_menuitem` (`menu_item_id`, `create_time`, `creator`, `modified_time`, `modifier`, `tenant_id`, `ts`, `menu_bar_id`, `menu_item_code`, `menu_item_default`, `menu_item_icon`, `menu_item_name`, `parent_id`, `menu_item_order`, `service_id`, `menu_item_Name_ext2`, `menu_item_Name_ext3`, `menu_item_Name_ext4`, `menu_item_Name_ext5`, `menu_item_name_ext6`, `menu_item_name_ext0`, `menu_item_name_ext1`, `sys_menu`, `enable`) VALUES ('0fcf9c3a-9227-494b-a89a-2d87054ec1d4', '2020-08-19 13:11:52', 'ec4326d0-d490-4d5a-9105-260b51fd16d0', '2020-10-23 08:13:32', 'ec4326d0-d490-4d5a-9105-260b51fd16d0', 'r2sc8ufe', NULL, 'ab6152e0-d881-4284-a1ae-fb9789edfb6f', 'd5ac1e96-8dfe-4386-80b7-4be5061dd6b7', b'0', NULL, '标准作业变更', '88d82ed4-6f98-4bb6-8369-1f06373af26e', '3', '', NULL, NULL, NULL, NULL, NULL, NULL, NULL, '1', b'1');
INSERT IGNORE INTO `workbench`.`wb_menuitem` (`menu_item_id`, `create_time`, `creator`, `modified_time`, `modifier`, `tenant_id`, `ts`, `menu_bar_id`, `menu_item_code`, `menu_item_default`, `menu_item_icon`, `menu_item_name`, `parent_id`, `menu_item_order`, `service_id`, `menu_item_Name_ext2`, `menu_item_Name_ext3`, `menu_item_Name_ext4`, `menu_item_Name_ext5`, `menu_item_name_ext6`, `menu_item_name_ext0`, `menu_item_name_ext1`, `sys_menu`, `enable`) VALUES ('1c281b63-584e-4337-9843-2187ffb246b3', '2020-08-19 16:02:22', 'ec4326d0-d490-4d5a-9105-260b51fd16d0', NULL, NULL, 'r2sc8ufe', NULL, 'ab6152e0-d881-4284-a1ae-fb9789edfb6f', '5a3f132e-d961-41a4-ba44-c506ee943f4a', b'0', NULL, '车型清单', '301556d8-b8a0-4e79-bac9-7396c4ce0a09', '0', '1425e017-6979-4ab3-b9ee-90e332612e6d', NULL, NULL, NULL, NULL, NULL, NULL, NULL, '1', b'1');
INSERT IGNORE INTO `workbench`.`wb_menuitem` (`menu_item_id`, `create_time`, `creator`, `modified_time`, `modifier`, `tenant_id`, `ts`, `menu_bar_id`, `menu_item_code`, `menu_item_default`, `menu_item_icon`, `menu_item_name`, `parent_id`, `menu_item_order`, `service_id`, `menu_item_Name_ext2`, `menu_item_Name_ext3`, `menu_item_Name_ext4`, `menu_item_Name_ext5`, `menu_item_name_ext6`, `menu_item_name_ext0`, `menu_item_name_ext1`, `sys_menu`, `enable`) VALUES ('1d1a411e-082c-4e58-9d67-5617d3709caf', '2020-08-19 13:21:49', 'ec4326d0-d490-4d5a-9105-260b51fd16d0', NULL, NULL, 'r2sc8ufe', NULL, 'ab6152e0-d881-4284-a1ae-fb9789edfb6f', 'feb5f363-04e5-4591-838e-b090530d07d4', b'0', NULL, '用户管理', '642b3371-b994-4287-b922-464224d1684e', '1', '6461d52e-753a-4012-b778-2fc18357ff2c', 'User Mgmt', '用戶管理', NULL, NULL, NULL, NULL, NULL, '1', b'1');
INSERT IGNORE INTO `workbench`.`wb_menuitem` (`menu_item_id`, `create_time`, `creator`, `modified_time`, `modifier`, `tenant_id`, `ts`, `menu_bar_id`, `menu_item_code`, `menu_item_default`, `menu_item_icon`, `menu_item_name`, `parent_id`, `menu_item_order`, `service_id`, `menu_item_Name_ext2`, `menu_item_Name_ext3`, `menu_item_Name_ext4`, `menu_item_Name_ext5`, `menu_item_name_ext6`, `menu_item_name_ext0`, `menu_item_name_ext1`, `sys_menu`, `enable`) VALUES ('264b3602-248f-453d-a8b4-9ab53f05564c', '2020-08-19 13:21:15', 'ec4326d0-d490-4d5a-9105-260b51fd16d0', NULL, NULL, 'r2sc8ufe', NULL, 'ab6152e0-d881-4284-a1ae-fb9789edfb6f', '00f3dbad-4840-4a13-bd01-c6fcc4023cf0', b'0', NULL, '授权', 'ac103b9b-2372-46b3-ab05-237f428c5547', '2', '4088cebb-2af2-4758-aa5f-51e1c882446f', 'Authorization', '授權', NULL, NULL, NULL, NULL, NULL, '1', b'1');
INSERT IGNORE INTO `workbench`.`wb_menuitem` (`menu_item_id`, `create_time`, `creator`, `modified_time`, `modifier`, `tenant_id`, `ts`, `menu_bar_id`, `menu_item_code`, `menu_item_default`, `menu_item_icon`, `menu_item_name`, `parent_id`, `menu_item_order`, `service_id`, `menu_item_Name_ext2`, `menu_item_Name_ext3`, `menu_item_Name_ext4`, `menu_item_Name_ext5`, `menu_item_name_ext6`, `menu_item_name_ext0`, `menu_item_name_ext1`, `sys_menu`, `enable`) VALUES ('27d6e70c-0eab-4330-bb9e-1560e04369a5', '2020-10-23 08:13:41', 'ec4326d0-d490-4d5a-9105-260b51fd16d0', NULL, NULL, 'r2sc8ufe', NULL, 'ab6152e0-d881-4284-a1ae-fb9789edfb6f', 'e33adc02-8e33-4968-9c5b-101469e6a279', b'0', NULL, '检查法', 'fb9f86cd-eade-4212-a441-4006cc5123d8', '0', '1c7e217d-b810-4796-91fd-5e7fab1396f1', NULL, NULL, NULL, NULL, NULL, NULL, NULL, '1', b'1');
INSERT IGNORE INTO `workbench`.`wb_menuitem` (`menu_item_id`, `create_time`, `creator`, `modified_time`, `modifier`, `tenant_id`, `ts`, `menu_bar_id`, `menu_item_code`, `menu_item_default`, `menu_item_icon`, `menu_item_name`, `parent_id`, `menu_item_order`, `service_id`, `menu_item_Name_ext2`, `menu_item_Name_ext3`, `menu_item_Name_ext4`, `menu_item_Name_ext5`, `menu_item_name_ext6`, `menu_item_name_ext0`, `menu_item_name_ext1`, `sys_menu`, `enable`) VALUES ('2cb0c54c-c71e-4f4d-8d8b-8019bfbc5489', '2020-08-19 13:21:15', 'ec4326d0-d490-4d5a-9105-260b51fd16d0', NULL, NULL, 'r2sc8ufe', NULL, 'ab6152e0-d881-4284-a1ae-fb9789edfb6f', 'a936eef0-25f2-46b9-b4a5-4d7ce5a85e47', b'0', NULL, '角色功能权限查询', 'ac103b9b-2372-46b3-ab05-237f428c5547', '1', 'e4cb74bc-db43-406e-afa8-2eaaab6ccb72', 'Role Function Permission Query', '角色功能許可權查詢', NULL, NULL, NULL, NULL, NULL, '1', b'1');
INSERT IGNORE INTO `workbench`.`wb_menuitem` (`menu_item_id`, `create_time`, `creator`, `modified_time`, `modifier`, `tenant_id`, `ts`, `menu_bar_id`, `menu_item_code`, `menu_item_default`, `menu_item_icon`, `menu_item_name`, `parent_id`, `menu_item_order`, `service_id`, `menu_item_Name_ext2`, `menu_item_Name_ext3`, `menu_item_Name_ext4`, `menu_item_Name_ext5`, `menu_item_name_ext6`, `menu_item_name_ext0`, `menu_item_name_ext1`, `sys_menu`, `enable`) VALUES ('2d81fd96-8e62-4c8b-a47a-2b7ae4be548c', '2020-08-19 16:03:16', 'ec4326d0-d490-4d5a-9105-260b51fd16d0', '2020-10-23 09:57:55', 'ec4326d0-d490-4d5a-9105-260b51fd16d0', 'r2sc8ufe', NULL, 'ab6152e0-d881-4284-a1ae-fb9789edfb6f', 'bd50502b-0b68-4f68-bb8f-b88c35c1d6f7', b'0', NULL, '焊装手顺书', '82a5fe1d-5a7f-42e1-962e-23f9292bbdcb', '10', '863fbb8a-a09c-46cd-9a9a-608a09f8ac31', NULL, NULL, NULL, NULL, NULL, NULL, NULL, '1', b'1');
INSERT IGNORE INTO `workbench`.`wb_menuitem` (`menu_item_id`, `create_time`, `creator`, `modified_time`, `modifier`, `tenant_id`, `ts`, `menu_bar_id`, `menu_item_code`, `menu_item_default`, `menu_item_icon`, `menu_item_name`, `parent_id`, `menu_item_order`, `service_id`, `menu_item_Name_ext2`, `menu_item_Name_ext3`, `menu_item_Name_ext4`, `menu_item_Name_ext5`, `menu_item_name_ext6`, `menu_item_name_ext0`, `menu_item_name_ext1`, `sys_menu`, `enable`) VALUES ('2dc12b90-5b7d-40bd-a0fe-c1880e682392', '2020-08-19 13:07:56', 'ec4326d0-d490-4d5a-9105-260b51fd16d0', '2020-08-19 13:08:06', 'ec4326d0-d490-4d5a-9105-260b51fd16d0', 'r2sc8ufe', NULL, 'ab6152e0-d881-4284-a1ae-fb9789edfb6f', 'aed3fb2e-672d-476e-870e-84607cbb4ae8', b'0', NULL, '待办', '', '4', '', NULL, NULL, NULL, NULL, NULL, NULL, NULL, '1', b'1');
INSERT IGNORE INTO `workbench`.`wb_menuitem` (`menu_item_id`, `create_time`, `creator`, `modified_time`, `modifier`, `tenant_id`, `ts`, `menu_bar_id`, `menu_item_code`, `menu_item_default`, `menu_item_icon`, `menu_item_name`, `parent_id`, `menu_item_order`, `service_id`, `menu_item_Name_ext2`, `menu_item_Name_ext3`, `menu_item_Name_ext4`, `menu_item_Name_ext5`, `menu_item_name_ext6`, `menu_item_name_ext0`, `menu_item_name_ext1`, `sys_menu`, `enable`) VALUES ('301556d8-b8a0-4e79-bac9-7396c4ce0a09', '2020-08-19 13:14:20', 'ec4326d0-d490-4d5a-9105-260b51fd16d0', '2020-10-20 14:16:58', 'ec4326d0-d490-4d5a-9105-260b51fd16d0', 'r2sc8ufe', NULL, 'ab6152e0-d881-4284-a1ae-fb9789edfb6f', '4ade1502-25c7-4ae9-974e-d35e6def18fc', b'0', NULL, '车型清单', 'e86a3548-4992-4a72-99fe-7ea4953508bf', '3', '', NULL, NULL, NULL, NULL, NULL, NULL, NULL, '1', b'1');
INSERT IGNORE INTO `workbench`.`wb_menuitem` (`menu_item_id`, `create_time`, `creator`, `modified_time`, `modifier`, `tenant_id`, `ts`, `menu_bar_id`, `menu_item_code`, `menu_item_default`, `menu_item_icon`, `menu_item_name`, `parent_id`, `menu_item_order`, `service_id`, `menu_item_Name_ext2`, `menu_item_Name_ext3`, `menu_item_Name_ext4`, `menu_item_Name_ext5`, `menu_item_name_ext6`, `menu_item_name_ext0`, `menu_item_name_ext1`, `sys_menu`, `enable`) VALUES ('30dbf918-195e-4194-b147-e7bead12ceb7', '2020-08-19 13:21:33', 'ec4326d0-d490-4d5a-9105-260b51fd16d0', '2020-08-19 13:21:49', 'ec4326d0-d490-4d5a-9105-260b51fd16d0', 'r2sc8ufe', NULL, 'ab6152e0-d881-4284-a1ae-fb9789edfb6f', '9d55156f-6def-4fec-af98-1c19a9b065ed', b'0', NULL, '员工', '642b3371-b994-4287-b922-464224d1684e', '0', '4deab9ec-10dc-4a27-b3fd-5ae60a7b72c5', 'Employee', '員工', NULL, NULL, NULL, NULL, NULL, '1', b'1');
INSERT IGNORE INTO `workbench`.`wb_menuitem` (`menu_item_id`, `create_time`, `creator`, `modified_time`, `modifier`, `tenant_id`, `ts`, `menu_bar_id`, `menu_item_code`, `menu_item_default`, `menu_item_icon`, `menu_item_name`, `parent_id`, `menu_item_order`, `service_id`, `menu_item_Name_ext2`, `menu_item_Name_ext3`, `menu_item_Name_ext4`, `menu_item_Name_ext5`, `menu_item_name_ext6`, `menu_item_name_ext0`, `menu_item_name_ext1`, `sys_menu`, `enable`) VALUES ('3355ac62-9ecf-4f8a-8199-976ce78dd043', '2020-08-19 16:03:16', 'ec4326d0-d490-4d5a-9105-260b51fd16d0', '2020-10-23 09:57:55', 'ec4326d0-d490-4d5a-9105-260b51fd16d0', 'r2sc8ufe', NULL, 'ab6152e0-d881-4284-a1ae-fb9789edfb6f', '9e73a69b-99f4-4bef-97fa-9432a743f4f7', b'0', NULL, '涂装品质整备', '82a5fe1d-5a7f-42e1-962e-23f9292bbdcb', '12', '76529031-8196-43b1-aa86-332688676cbe', NULL, NULL, NULL, NULL, NULL, NULL, NULL, '1', b'1');
INSERT IGNORE INTO `workbench`.`wb_menuitem` (`menu_item_id`, `create_time`, `creator`, `modified_time`, `modifier`, `tenant_id`, `ts`, `menu_bar_id`, `menu_item_code`, `menu_item_default`, `menu_item_icon`, `menu_item_name`, `parent_id`, `menu_item_order`, `service_id`, `menu_item_Name_ext2`, `menu_item_Name_ext3`, `menu_item_Name_ext4`, `menu_item_Name_ext5`, `menu_item_name_ext6`, `menu_item_name_ext0`, `menu_item_name_ext1`, `sys_menu`, `enable`) VALUES ('3587d97d-d1e7-4267-b46c-96972e8eb8bb', '2020-10-15 16:11:55', 'ec4326d0-d490-4d5a-9105-260b51fd16d0', '2020-10-20 14:16:58', 'ec4326d0-d490-4d5a-9105-260b51fd16d0', 'r2sc8ufe', NULL, 'ab6152e0-d881-4284-a1ae-fb9789edfb6f', '6376350d-e545-4c0e-ab03-643ee516a022', b'0', NULL, '岗位管理', 'e86a3548-4992-4a72-99fe-7ea4953508bf', '6', '52809882-78db-4e3e-adcc-7846574bb76f', NULL, NULL, NULL, NULL, NULL, NULL, NULL, '1', b'1');
INSERT IGNORE INTO `workbench`.`wb_menuitem` (`menu_item_id`, `create_time`, `creator`, `modified_time`, `modifier`, `tenant_id`, `ts`, `menu_bar_id`, `menu_item_code`, `menu_item_default`, `menu_item_icon`, `menu_item_name`, `parent_id`, `menu_item_order`, `service_id`, `menu_item_Name_ext2`, `menu_item_Name_ext3`, `menu_item_Name_ext4`, `menu_item_Name_ext5`, `menu_item_name_ext6`, `menu_item_name_ext0`, `menu_item_name_ext1`, `sys_menu`, `enable`) VALUES ('37093816-c4ca-46f1-b35d-47837fc6d7e4', '2020-10-23 08:46:10', 'ec4326d0-d490-4d5a-9105-260b51fd16d0', '2020-10-23 09:57:55', 'ec4326d0-d490-4d5a-9105-260b51fd16d0', 'r2sc8ufe', NULL, 'ab6152e0-d881-4284-a1ae-fb9789edfb6f', 'c1ef7c4a-13e5-4e01-b3e5-69b81e6e7436', b'0', NULL, '质保部要领书', '82a5fe1d-5a7f-42e1-962e-23f9292bbdcb', '14', '923417c5-5e3b-4ed0-894d-320dd10c65de', NULL, NULL, NULL, NULL, NULL, NULL, NULL, '1', b'1');
INSERT IGNORE INTO `workbench`.`wb_menuitem` (`menu_item_id`, `create_time`, `creator`, `modified_time`, `modifier`, `tenant_id`, `ts`, `menu_bar_id`, `menu_item_code`, `menu_item_default`, `menu_item_icon`, `menu_item_name`, `parent_id`, `menu_item_order`, `service_id`, `menu_item_Name_ext2`, `menu_item_Name_ext3`, `menu_item_Name_ext4`, `menu_item_Name_ext5`, `menu_item_name_ext6`, `menu_item_name_ext0`, `menu_item_name_ext1`, `sys_menu`, `enable`) VALUES ('37e59629-20e9-469f-98fb-760d5b57e4a6', '2020-08-19 13:14:41', 'ec4326d0-d490-4d5a-9105-260b51fd16d0', '2020-10-20 14:16:58', 'ec4326d0-d490-4d5a-9105-260b51fd16d0', 'r2sc8ufe', NULL, 'ab6152e0-d881-4284-a1ae-fb9789edfb6f', '73abbfea-3375-4e0f-b2a8-fae3ef23349b', b'0', NULL, '数据字典', 'e86a3548-4992-4a72-99fe-7ea4953508bf', '4', '', NULL, NULL, NULL, NULL, NULL, NULL, NULL, '1', b'1');
INSERT IGNORE INTO `workbench`.`wb_menuitem` (`menu_item_id`, `create_time`, `creator`, `modified_time`, `modifier`, `tenant_id`, `ts`, `menu_bar_id`, `menu_item_code`, `menu_item_default`, `menu_item_icon`, `menu_item_name`, `parent_id`, `menu_item_order`, `service_id`, `menu_item_Name_ext2`, `menu_item_Name_ext3`, `menu_item_Name_ext4`, `menu_item_Name_ext5`, `menu_item_name_ext6`, `menu_item_name_ext0`, `menu_item_name_ext1`, `sys_menu`, `enable`) VALUES ('39acfd21-9d36-41c2-ba4b-9d4d836aa39c', '2020-08-19 13:15:39', 'ec4326d0-d490-4d5a-9105-260b51fd16d0', NULL, NULL, 'r2sc8ufe', NULL, 'ab6152e0-d881-4284-a1ae-fb9789edfb6f', '0286989b-6b25-45f6-a500-d9686f586f1b', b'0', NULL, '待办', '2dc12b90-5b7d-40bd-a0fe-c1880e682392', '0', '', NULL, NULL, NULL, NULL, NULL, NULL, NULL, '1', b'1');
INSERT IGNORE INTO `workbench`.`wb_menuitem` (`menu_item_id`, `create_time`, `creator`, `modified_time`, `modifier`, `tenant_id`, `ts`, `menu_bar_id`, `menu_item_code`, `menu_item_default`, `menu_item_icon`, `menu_item_name`, `parent_id`, `menu_item_order`, `service_id`, `menu_item_Name_ext2`, `menu_item_Name_ext3`, `menu_item_Name_ext4`, `menu_item_Name_ext5`, `menu_item_name_ext6`, `menu_item_name_ext0`, `menu_item_name_ext1`, `sys_menu`, `enable`) VALUES ('3f7b1eb4-bb61-45b7-bd29-1ec2ca8513a9', '2020-08-19 16:03:16', 'ec4326d0-d490-4d5a-9105-260b51fd16d0', '2020-10-23 09:57:55', 'ec4326d0-d490-4d5a-9105-260b51fd16d0', 'r2sc8ufe', NULL, 'ab6152e0-d881-4284-a1ae-fb9789edfb6f', 'a08d0ef7-b1a8-46c0-9127-d304de931869', b'0', NULL, '总装品质整备', '82a5fe1d-5a7f-42e1-962e-23f9292bbdcb', '2', 'dd5c84c9-71c3-4821-99a3-fb5b97f841a1', NULL, NULL, NULL, NULL, NULL, NULL, NULL, '1', b'1');
INSERT IGNORE INTO `workbench`.`wb_menuitem` (`menu_item_id`, `create_time`, `creator`, `modified_time`, `modifier`, `tenant_id`, `ts`, `menu_bar_id`, `menu_item_code`, `menu_item_default`, `menu_item_icon`, `menu_item_name`, `parent_id`, `menu_item_order`, `service_id`, `menu_item_Name_ext2`, `menu_item_Name_ext3`, `menu_item_Name_ext4`, `menu_item_Name_ext5`, `menu_item_name_ext6`, `menu_item_name_ext0`, `menu_item_name_ext1`, `sys_menu`, `enable`) VALUES ('642b3371-b994-4287-b922-464224d1684e', '2020-08-19 13:14:09', 'ec4326d0-d490-4d5a-9105-260b51fd16d0', '2020-10-20 14:16:58', 'ec4326d0-d490-4d5a-9105-260b51fd16d0', 'r2sc8ufe', NULL, 'ab6152e0-d881-4284-a1ae-fb9789edfb6f', 'e68603d9-6b5c-4050-b333-26b5e7374fa6', b'0', NULL, '用户管理', 'e86a3548-4992-4a72-99fe-7ea4953508bf', '2', '', NULL, NULL, NULL, NULL, NULL, NULL, NULL, '1', b'1');
INSERT IGNORE INTO `workbench`.`wb_menuitem` (`menu_item_id`, `create_time`, `creator`, `modified_time`, `modifier`, `tenant_id`, `ts`, `menu_bar_id`, `menu_item_code`, `menu_item_default`, `menu_item_icon`, `menu_item_name`, `parent_id`, `menu_item_order`, `service_id`, `menu_item_Name_ext2`, `menu_item_Name_ext3`, `menu_item_Name_ext4`, `menu_item_Name_ext5`, `menu_item_name_ext6`, `menu_item_name_ext0`, `menu_item_name_ext1`, `sys_menu`, `enable`) VALUES ('64aaaaa4-dea8-4081-92d5-c17ebef68fec', '2020-08-19 16:03:16', 'ec4326d0-d490-4d5a-9105-260b51fd16d0', '2020-10-23 09:57:55', 'ec4326d0-d490-4d5a-9105-260b51fd16d0', 'r2sc8ufe', NULL, 'ab6152e0-d881-4284-a1ae-fb9789edfb6f', '7db36c8a-5450-4970-a12f-639fffeeac19', b'0', NULL, '涂装组合表', '82a5fe1d-5a7f-42e1-962e-23f9292bbdcb', '5', 'fdbb57b4-2e9e-4705-9df5-7f32a360a5a9', NULL, NULL, NULL, NULL, NULL, NULL, NULL, '1', b'1');
INSERT IGNORE INTO `workbench`.`wb_menuitem` (`menu_item_id`, `create_time`, `creator`, `modified_time`, `modifier`, `tenant_id`, `ts`, `menu_bar_id`, `menu_item_code`, `menu_item_default`, `menu_item_icon`, `menu_item_name`, `parent_id`, `menu_item_order`, `service_id`, `menu_item_Name_ext2`, `menu_item_Name_ext3`, `menu_item_Name_ext4`, `menu_item_Name_ext5`, `menu_item_name_ext6`, `menu_item_name_ext0`, `menu_item_name_ext1`, `sys_menu`, `enable`) VALUES ('6aedf69b-23ba-4913-92de-8e4cb9e1a06b', '2020-10-15 16:11:39', 'ec4326d0-d490-4d5a-9105-260b51fd16d0', '2020-10-20 14:16:58', 'ec4326d0-d490-4d5a-9105-260b51fd16d0', 'r2sc8ufe', NULL, 'ab6152e0-d881-4284-a1ae-fb9789edfb6f', '97991429-32b9-4d74-a9c3-2cefaa8aba6f', b'0', NULL, '作业岗位管理', 'e86a3548-4992-4a72-99fe-7ea4953508bf', '5', '6c99dede-9a1a-4df0-9ebc-f3d4f0d815ee', NULL, NULL, NULL, NULL, NULL, NULL, NULL, '1', b'1');
INSERT IGNORE INTO `workbench`.`wb_menuitem` (`menu_item_id`, `create_time`, `creator`, `modified_time`, `modifier`, `tenant_id`, `ts`, `menu_bar_id`, `menu_item_code`, `menu_item_default`, `menu_item_icon`, `menu_item_name`, `parent_id`, `menu_item_order`, `service_id`, `menu_item_Name_ext2`, `menu_item_Name_ext3`, `menu_item_Name_ext4`, `menu_item_Name_ext5`, `menu_item_name_ext6`, `menu_item_name_ext0`, `menu_item_name_ext1`, `sys_menu`, `enable`) VALUES ('6b4cd8eb-abea-41c3-9b03-f5bf2e3f742f', '2020-08-19 16:03:16', 'ec4326d0-d490-4d5a-9105-260b51fd16d0', '2020-10-23 09:57:55', 'ec4326d0-d490-4d5a-9105-260b51fd16d0', 'r2sc8ufe', NULL, 'ab6152e0-d881-4284-a1ae-fb9789edfb6f', '1fd61609-d219-4062-a9d5-9dc05c28e200', b'0', NULL, '涂装要领书', '82a5fe1d-5a7f-42e1-962e-23f9292bbdcb', '7', '7de86702-a889-4d57-a8de-07006b15211b', NULL, NULL, NULL, NULL, NULL, NULL, NULL, '1', b'1');
INSERT IGNORE INTO `workbench`.`wb_menuitem` (`menu_item_id`, `create_time`, `creator`, `modified_time`, `modifier`, `tenant_id`, `ts`, `menu_bar_id`, `menu_item_code`, `menu_item_default`, `menu_item_icon`, `menu_item_name`, `parent_id`, `menu_item_order`, `service_id`, `menu_item_Name_ext2`, `menu_item_Name_ext3`, `menu_item_Name_ext4`, `menu_item_Name_ext5`, `menu_item_name_ext6`, `menu_item_name_ext0`, `menu_item_name_ext1`, `sys_menu`, `enable`) VALUES ('7097d55c-056b-4d82-9d1e-cb10e113e35c', '2020-08-19 13:11:43', 'ec4326d0-d490-4d5a-9105-260b51fd16d0', '2020-10-23 08:13:32', 'ec4326d0-d490-4d5a-9105-260b51fd16d0', 'r2sc8ufe', NULL, 'ab6152e0-d881-4284-a1ae-fb9789edfb6f', '780fece3-fb0a-44ab-832d-17ee70aefe90', b'0', NULL, '验证/问题单', '88d82ed4-6f98-4bb6-8369-1f06373af26e', '2', '', NULL, NULL, NULL, NULL, NULL, NULL, NULL, '1', b'1');
INSERT IGNORE INTO `workbench`.`wb_menuitem` (`menu_item_id`, `create_time`, `creator`, `modified_time`, `modifier`, `tenant_id`, `ts`, `menu_bar_id`, `menu_item_code`, `menu_item_default`, `menu_item_icon`, `menu_item_name`, `parent_id`, `menu_item_order`, `service_id`, `menu_item_Name_ext2`, `menu_item_Name_ext3`, `menu_item_Name_ext4`, `menu_item_Name_ext5`, `menu_item_name_ext6`, `menu_item_name_ext0`, `menu_item_name_ext1`, `sys_menu`, `enable`) VALUES ('71f29965-f9b2-4285-80ac-644c215a265c', '2020-08-19 13:19:33', 'ec4326d0-d490-4d5a-9105-260b51fd16d0', NULL, NULL, 'r2sc8ufe', NULL, 'ab6152e0-d881-4284-a1ae-fb9789edfb6f', '340062f2-c865-4f1a-ae26-9febb4eddb8d', b'0', NULL, '组织单元', 'b03c0c4a-0b16-439d-b37f-5fc2b49e1eec', '0', '1863a75e-bdee-471a-af68-e172e8b6ad74', 'Org Unit', '組織單元', NULL, NULL, NULL, NULL, NULL, '1', b'1');
INSERT IGNORE INTO `workbench`.`wb_menuitem` (`menu_item_id`, `create_time`, `creator`, `modified_time`, `modifier`, `tenant_id`, `ts`, `menu_bar_id`, `menu_item_code`, `menu_item_default`, `menu_item_icon`, `menu_item_name`, `parent_id`, `menu_item_order`, `service_id`, `menu_item_Name_ext2`, `menu_item_Name_ext3`, `menu_item_Name_ext4`, `menu_item_Name_ext5`, `menu_item_name_ext6`, `menu_item_name_ext0`, `menu_item_name_ext1`, `sys_menu`, `enable`) VALUES ('733ec8ec-45b6-4a4f-864c-488a28a37011', '2020-08-19 13:21:15', 'ec4326d0-d490-4d5a-9105-260b51fd16d0', NULL, NULL, 'r2sc8ufe', NULL, 'ab6152e0-d881-4284-a1ae-fb9789edfb6f', '422055bd-711d-4543-b010-2023fc098c9a', b'0', NULL, '角色管理', 'ac103b9b-2372-46b3-ab05-237f428c5547', '0', '35d5a2c4-58e6-414c-882e-a562f69ad47f', 'Role Mgmt', '角色管理', NULL, NULL, NULL, NULL, NULL, '1', b'1');
INSERT IGNORE INTO `workbench`.`wb_menuitem` (`menu_item_id`, `create_time`, `creator`, `modified_time`, `modifier`, `tenant_id`, `ts`, `menu_bar_id`, `menu_item_code`, `menu_item_default`, `menu_item_icon`, `menu_item_name`, `parent_id`, `menu_item_order`, `service_id`, `menu_item_Name_ext2`, `menu_item_Name_ext3`, `menu_item_Name_ext4`, `menu_item_Name_ext5`, `menu_item_name_ext6`, `menu_item_name_ext0`, `menu_item_name_ext1`, `sys_menu`, `enable`) VALUES ('7aaaea0e-a316-47a4-bafb-2590f1882236', '2020-08-19 16:02:59', 'ec4326d0-d490-4d5a-9105-260b51fd16d0', NULL, NULL, 'r2sc8ufe', NULL, 'ab6152e0-d881-4284-a1ae-fb9789edfb6f', '4a07eb48-24d4-48ee-8cf3-7e6e105445f4', b'0', NULL, '计划维护', 'fafb4e8c-8183-474d-9741-3d54425eac17', '0', '2cbb9f95-ca22-4e18-962e-ee6b12966ef8', NULL, NULL, NULL, NULL, NULL, NULL, NULL, '1', b'1');
INSERT IGNORE INTO `workbench`.`wb_menuitem` (`menu_item_id`, `create_time`, `creator`, `modified_time`, `modifier`, `tenant_id`, `ts`, `menu_bar_id`, `menu_item_code`, `menu_item_default`, `menu_item_icon`, `menu_item_name`, `parent_id`, `menu_item_order`, `service_id`, `menu_item_Name_ext2`, `menu_item_Name_ext3`, `menu_item_Name_ext4`, `menu_item_Name_ext5`, `menu_item_name_ext6`, `menu_item_name_ext0`, `menu_item_name_ext1`, `sys_menu`, `enable`) VALUES ('7ab27d2d-b975-4c99-a973-e239214166df', '2020-10-20 14:16:58', 'ec4326d0-d490-4d5a-9105-260b51fd16d0', NULL, NULL, 'r2sc8ufe', NULL, 'ab6152e0-d881-4284-a1ae-fb9789edfb6f', '66305271-05e5-49c1-b977-6ad038495d37', b'0', NULL, '计划维护(工作流版) ', 'e86a3548-4992-4a72-99fe-7ea4953508bf', '7', 'ebc4586c-aed5-44e9-93a9-ad7d851d3136', NULL, NULL, NULL, NULL, NULL, NULL, NULL, '1', b'1');
INSERT IGNORE INTO `workbench`.`wb_menuitem` (`menu_item_id`, `create_time`, `creator`, `modified_time`, `modifier`, `tenant_id`, `ts`, `menu_bar_id`, `menu_item_code`, `menu_item_default`, `menu_item_icon`, `menu_item_name`, `parent_id`, `menu_item_order`, `service_id`, `menu_item_Name_ext2`, `menu_item_Name_ext3`, `menu_item_Name_ext4`, `menu_item_Name_ext5`, `menu_item_name_ext6`, `menu_item_name_ext0`, `menu_item_name_ext1`, `sys_menu`, `enable`) VALUES ('7c54259b-cb5f-4806-887b-fb6d5e2c9fe1', '2020-08-19 13:07:19', 'ec4326d0-d490-4d5a-9105-260b51fd16d0', '2020-08-19 13:08:06', 'ec4326d0-d490-4d5a-9105-260b51fd16d0', 'r2sc8ufe', NULL, 'ab6152e0-d881-4284-a1ae-fb9789edfb6f', 'bdd27784-3f5f-4a8b-a6f4-b9f5bb888644', b'0', NULL, '查询中心', '', '1', '', NULL, NULL, NULL, NULL, NULL, NULL, NULL, '1', b'1');
INSERT IGNORE INTO `workbench`.`wb_menuitem` (`menu_item_id`, `create_time`, `creator`, `modified_time`, `modifier`, `tenant_id`, `ts`, `menu_bar_id`, `menu_item_code`, `menu_item_default`, `menu_item_icon`, `menu_item_name`, `parent_id`, `menu_item_order`, `service_id`, `menu_item_Name_ext2`, `menu_item_Name_ext3`, `menu_item_Name_ext4`, `menu_item_Name_ext5`, `menu_item_name_ext6`, `menu_item_name_ext0`, `menu_item_name_ext1`, `sys_menu`, `enable`) VALUES ('82a5fe1d-5a7f-42e1-962e-23f9292bbdcb', '2020-08-19 13:11:32', 'ec4326d0-d490-4d5a-9105-260b51fd16d0', '2020-10-23 08:13:32', 'ec4326d0-d490-4d5a-9105-260b51fd16d0', 'r2sc8ufe', NULL, 'ab6152e0-d881-4284-a1ae-fb9789edfb6f', '660cdbe7-a0d9-4cf3-9eea-8b6f3de388d6', b'0', NULL, '标准作业管理', '88d82ed4-6f98-4bb6-8369-1f06373af26e', '1', '', NULL, NULL, NULL, NULL, NULL, NULL, NULL, '1', b'1');
INSERT IGNORE INTO `workbench`.`wb_menuitem` (`menu_item_id`, `create_time`, `creator`, `modified_time`, `modifier`, `tenant_id`, `ts`, `menu_bar_id`, `menu_item_code`, `menu_item_default`, `menu_item_icon`, `menu_item_name`, `parent_id`, `menu_item_order`, `service_id`, `menu_item_Name_ext2`, `menu_item_Name_ext3`, `menu_item_Name_ext4`, `menu_item_Name_ext5`, `menu_item_name_ext6`, `menu_item_name_ext0`, `menu_item_name_ext1`, `sys_menu`, `enable`) VALUES ('832632cf-894a-457f-ac0e-c39ff1282d66', '2020-08-19 13:12:47', 'ec4326d0-d490-4d5a-9105-260b51fd16d0', NULL, NULL, 'r2sc8ufe', NULL, 'ab6152e0-d881-4284-a1ae-fb9789edfb6f', '3d40309b-a85e-4686-95c1-32b20dfd8943', b'0', NULL, '标准作业文件统计', 'b069bde0-0a4e-4d26-a13b-322370740273', '0', '', NULL, NULL, NULL, NULL, NULL, NULL, NULL, '1', b'1');
INSERT IGNORE INTO `workbench`.`wb_menuitem` (`menu_item_id`, `create_time`, `creator`, `modified_time`, `modifier`, `tenant_id`, `ts`, `menu_bar_id`, `menu_item_code`, `menu_item_default`, `menu_item_icon`, `menu_item_name`, `parent_id`, `menu_item_order`, `service_id`, `menu_item_Name_ext2`, `menu_item_Name_ext3`, `menu_item_Name_ext4`, `menu_item_Name_ext5`, `menu_item_name_ext6`, `menu_item_name_ext0`, `menu_item_name_ext1`, `sys_menu`, `enable`) VALUES ('88d82ed4-6f98-4bb6-8369-1f06373af26e', '2020-08-19 13:07:11', 'ec4326d0-d490-4d5a-9105-260b51fd16d0', '2020-08-19 14:14:08', 'ec4326d0-d490-4d5a-9105-260b51fd16d0', 'r2sc8ufe', NULL, 'ab6152e0-d881-4284-a1ae-fb9789edfb6f', '15255b96-7cc7-4580-b5ee-ace4e074f67e', b'0', NULL, '标准作业编制中心', '', '0', '', NULL, NULL, NULL, NULL, NULL, NULL, NULL, '1', b'1');
INSERT IGNORE INTO `workbench`.`wb_menuitem` (`menu_item_id`, `create_time`, `creator`, `modified_time`, `modifier`, `tenant_id`, `ts`, `menu_bar_id`, `menu_item_code`, `menu_item_default`, `menu_item_icon`, `menu_item_name`, `parent_id`, `menu_item_order`, `service_id`, `menu_item_Name_ext2`, `menu_item_Name_ext3`, `menu_item_Name_ext4`, `menu_item_Name_ext5`, `menu_item_name_ext6`, `menu_item_name_ext0`, `menu_item_name_ext1`, `sys_menu`, `enable`) VALUES ('89144566-6b24-4f68-918a-2cc95f5df8bd', '2020-08-19 16:03:16', 'ec4326d0-d490-4d5a-9105-260b51fd16d0', '2020-10-23 09:57:55', 'ec4326d0-d490-4d5a-9105-260b51fd16d0', 'r2sc8ufe', NULL, 'ab6152e0-d881-4284-a1ae-fb9789edfb6f', 'b8294d27-ed47-423a-b473-e8cfce9759d5', b'0', NULL, '焊装品质整备', '82a5fe1d-5a7f-42e1-962e-23f9292bbdcb', '11', '52ef2e12-e008-45d0-8401-7148871acbe0', NULL, NULL, NULL, NULL, NULL, NULL, NULL, '1', b'1');
INSERT IGNORE INTO `workbench`.`wb_menuitem` (`menu_item_id`, `create_time`, `creator`, `modified_time`, `modifier`, `tenant_id`, `ts`, `menu_bar_id`, `menu_item_code`, `menu_item_default`, `menu_item_icon`, `menu_item_name`, `parent_id`, `menu_item_order`, `service_id`, `menu_item_Name_ext2`, `menu_item_Name_ext3`, `menu_item_Name_ext4`, `menu_item_Name_ext5`, `menu_item_name_ext6`, `menu_item_name_ext0`, `menu_item_name_ext1`, `sys_menu`, `enable`) VALUES ('8a1d7996-ae4c-49bc-8664-2b0ad97f4e0c', '2020-08-19 16:03:16', 'ec4326d0-d490-4d5a-9105-260b51fd16d0', '2020-10-23 09:57:55', 'ec4326d0-d490-4d5a-9105-260b51fd16d0', 'r2sc8ufe', NULL, 'ab6152e0-d881-4284-a1ae-fb9789edfb6f', 'c58b15b4-92fe-467d-b967-86a1cf6ffdce', b'0', NULL, '焊装组合表', '82a5fe1d-5a7f-42e1-962e-23f9292bbdcb', '6', 'ee4c6c62-6571-424e-930c-7c44f6283467', NULL, NULL, NULL, NULL, NULL, NULL, NULL, '1', b'1');
INSERT IGNORE INTO `workbench`.`wb_menuitem` (`menu_item_id`, `create_time`, `creator`, `modified_time`, `modifier`, `tenant_id`, `ts`, `menu_bar_id`, `menu_item_code`, `menu_item_default`, `menu_item_icon`, `menu_item_name`, `parent_id`, `menu_item_order`, `service_id`, `menu_item_Name_ext2`, `menu_item_Name_ext3`, `menu_item_Name_ext4`, `menu_item_Name_ext5`, `menu_item_name_ext6`, `menu_item_name_ext0`, `menu_item_name_ext1`, `sys_menu`, `enable`) VALUES ('8a4b0be3-67d9-48fc-8b61-67de40313e9f', '2020-08-19 13:12:32', 'ec4326d0-d490-4d5a-9105-260b51fd16d0', NULL, NULL, 'r2sc8ufe', NULL, 'ab6152e0-d881-4284-a1ae-fb9789edfb6f', '393047d4-002e-43bb-b5a1-7a2286a8199e', b'0', NULL, '计划查询/导出', '7c54259b-cb5f-4806-887b-fb6d5e2c9fe1', '3', '', NULL, NULL, NULL, NULL, NULL, NULL, NULL, '1', b'1');
INSERT IGNORE INTO `workbench`.`wb_menuitem` (`menu_item_id`, `create_time`, `creator`, `modified_time`, `modifier`, `tenant_id`, `ts`, `menu_bar_id`, `menu_item_code`, `menu_item_default`, `menu_item_icon`, `menu_item_name`, `parent_id`, `menu_item_order`, `service_id`, `menu_item_Name_ext2`, `menu_item_Name_ext3`, `menu_item_Name_ext4`, `menu_item_Name_ext5`, `menu_item_name_ext6`, `menu_item_name_ext0`, `menu_item_name_ext1`, `sys_menu`, `enable`) VALUES ('9270c492-ca0f-4ec8-96ca-b108ad1ba644', '2020-08-19 16:03:16', 'ec4326d0-d490-4d5a-9105-260b51fd16d0', '2020-10-23 09:57:55', 'ec4326d0-d490-4d5a-9105-260b51fd16d0', 'r2sc8ufe', NULL, 'ab6152e0-d881-4284-a1ae-fb9789edfb6f', 'a73fd1c9-7cd7-4142-bc50-a49094b16f01', b'0', NULL, '总装组合表', '82a5fe1d-5a7f-42e1-962e-23f9292bbdcb', '3', '68e855c1-b5a6-4ab5-9e8f-cd70207a4fe5', NULL, NULL, NULL, NULL, NULL, NULL, NULL, '1', b'1');
INSERT IGNORE INTO `workbench`.`wb_menuitem` (`menu_item_id`, `create_time`, `creator`, `modified_time`, `modifier`, `tenant_id`, `ts`, `menu_bar_id`, `menu_item_code`, `menu_item_default`, `menu_item_icon`, `menu_item_name`, `parent_id`, `menu_item_order`, `service_id`, `menu_item_Name_ext2`, `menu_item_Name_ext3`, `menu_item_Name_ext4`, `menu_item_Name_ext5`, `menu_item_name_ext6`, `menu_item_name_ext0`, `menu_item_name_ext1`, `sys_menu`, `enable`) VALUES ('aab7aeab-c078-45d8-9ad3-0052e187db16', '2020-08-19 13:19:33', 'ec4326d0-d490-4d5a-9105-260b51fd16d0', NULL, NULL, 'r2sc8ufe', NULL, 'ab6152e0-d881-4284-a1ae-fb9789edfb6f', '3987609c-bd11-4456-aaef-b8f92b71f271', b'0', NULL, '部门', 'b03c0c4a-0b16-439d-b37f-5fc2b49e1eec', '1', '0a33092f-6f5f-4967-80b4-063ec560dd48', 'Department', '部門', NULL, NULL, NULL, NULL, NULL, '1', b'1');
INSERT IGNORE INTO `workbench`.`wb_menuitem` (`menu_item_id`, `create_time`, `creator`, `modified_time`, `modifier`, `tenant_id`, `ts`, `menu_bar_id`, `menu_item_code`, `menu_item_default`, `menu_item_icon`, `menu_item_name`, `parent_id`, `menu_item_order`, `service_id`, `menu_item_Name_ext2`, `menu_item_Name_ext3`, `menu_item_Name_ext4`, `menu_item_Name_ext5`, `menu_item_name_ext6`, `menu_item_name_ext0`, `menu_item_name_ext1`, `sys_menu`, `enable`) VALUES ('ac103b9b-2372-46b3-ab05-237f428c5547', '2020-08-19 13:13:34', 'ec4326d0-d490-4d5a-9105-260b51fd16d0', '2020-10-20 14:16:58', 'ec4326d0-d490-4d5a-9105-260b51fd16d0', 'r2sc8ufe', NULL, 'ab6152e0-d881-4284-a1ae-fb9789edfb6f', '6233e87f-0828-4924-b594-3bb633522fe9', b'0', NULL, '角色管理', 'e86a3548-4992-4a72-99fe-7ea4953508bf', '1', '', NULL, NULL, NULL, NULL, NULL, NULL, NULL, '1', b'1');
INSERT IGNORE INTO `workbench`.`wb_menuitem` (`menu_item_id`, `create_time`, `creator`, `modified_time`, `modifier`, `tenant_id`, `ts`, `menu_bar_id`, `menu_item_code`, `menu_item_default`, `menu_item_icon`, `menu_item_name`, `parent_id`, `menu_item_order`, `service_id`, `menu_item_Name_ext2`, `menu_item_Name_ext3`, `menu_item_Name_ext4`, `menu_item_Name_ext5`, `menu_item_name_ext6`, `menu_item_name_ext0`, `menu_item_name_ext1`, `sys_menu`, `enable`) VALUES ('b03c0c4a-0b16-439d-b37f-5fc2b49e1eec', '2020-08-19 13:13:30', 'ec4326d0-d490-4d5a-9105-260b51fd16d0', '2020-10-20 14:16:58', 'ec4326d0-d490-4d5a-9105-260b51fd16d0', 'r2sc8ufe', NULL, 'ab6152e0-d881-4284-a1ae-fb9789edfb6f', '3efac8b7-4377-4fca-aa99-e84761c7d1c8', b'0', NULL, '组织机构', 'e86a3548-4992-4a72-99fe-7ea4953508bf', '0', '', NULL, NULL, NULL, NULL, NULL, NULL, NULL, '1', b'1');
INSERT IGNORE INTO `workbench`.`wb_menuitem` (`menu_item_id`, `create_time`, `creator`, `modified_time`, `modifier`, `tenant_id`, `ts`, `menu_bar_id`, `menu_item_code`, `menu_item_default`, `menu_item_icon`, `menu_item_name`, `parent_id`, `menu_item_order`, `service_id`, `menu_item_Name_ext2`, `menu_item_Name_ext3`, `menu_item_Name_ext4`, `menu_item_Name_ext5`, `menu_item_name_ext6`, `menu_item_name_ext0`, `menu_item_name_ext1`, `sys_menu`, `enable`) VALUES ('b069bde0-0a4e-4d26-a13b-322370740273', '2020-08-19 13:07:33', 'ec4326d0-d490-4d5a-9105-260b51fd16d0', '2020-08-19 13:08:06', 'ec4326d0-d490-4d5a-9105-260b51fd16d0', 'r2sc8ufe', NULL, 'ab6152e0-d881-4284-a1ae-fb9789edfb6f', 'd9b15feb-4f1d-49e4-a8e4-791ae0c0521b', b'0', NULL, '统计中心', '', '2', '', NULL, NULL, NULL, NULL, NULL, NULL, NULL, '1', b'1');
INSERT IGNORE INTO `workbench`.`wb_menuitem` (`menu_item_id`, `create_time`, `creator`, `modified_time`, `modifier`, `tenant_id`, `ts`, `menu_bar_id`, `menu_item_code`, `menu_item_default`, `menu_item_icon`, `menu_item_name`, `parent_id`, `menu_item_order`, `service_id`, `menu_item_Name_ext2`, `menu_item_Name_ext3`, `menu_item_Name_ext4`, `menu_item_Name_ext5`, `menu_item_name_ext6`, `menu_item_name_ext0`, `menu_item_name_ext1`, `sys_menu`, `enable`) VALUES ('b171519e-3e27-47a9-a37b-ba3db82c5bc1', '2020-08-19 13:08:06', 'ec4326d0-d490-4d5a-9105-260b51fd16d0', NULL, NULL, 'r2sc8ufe', NULL, 'ab6152e0-d881-4284-a1ae-fb9789edfb6f', 'aa726518-a6ca-48d6-bf87-7baf6c61f438', b'0', NULL, '审批流程', '', '5', '', NULL, NULL, NULL, NULL, NULL, NULL, NULL, '1', b'1');
INSERT IGNORE INTO `workbench`.`wb_menuitem` (`menu_item_id`, `create_time`, `creator`, `modified_time`, `modifier`, `tenant_id`, `ts`, `menu_bar_id`, `menu_item_code`, `menu_item_default`, `menu_item_icon`, `menu_item_name`, `parent_id`, `menu_item_order`, `service_id`, `menu_item_Name_ext2`, `menu_item_Name_ext3`, `menu_item_Name_ext4`, `menu_item_Name_ext5`, `menu_item_name_ext6`, `menu_item_name_ext0`, `menu_item_name_ext1`, `sys_menu`, `enable`) VALUES ('b1edd6b7-f76b-44f0-9d58-1229a09b8dc7', '2020-08-19 16:03:16', 'ec4326d0-d490-4d5a-9105-260b51fd16d0', '2020-10-23 09:57:55', 'ec4326d0-d490-4d5a-9105-260b51fd16d0', 'r2sc8ufe', NULL, 'ab6152e0-d881-4284-a1ae-fb9789edfb6f', 'b5fa247b-f2f8-4248-a4f0-c6068853f89d', b'0', NULL, '总装手顺书', '82a5fe1d-5a7f-42e1-962e-23f9292bbdcb', '1', '11d6e44a-f215-44c7-aa8b-700e7e42c32d', NULL, NULL, NULL, NULL, NULL, NULL, NULL, '1', b'1');
INSERT IGNORE INTO `workbench`.`wb_menuitem` (`menu_item_id`, `create_time`, `creator`, `modified_time`, `modifier`, `tenant_id`, `ts`, `menu_bar_id`, `menu_item_code`, `menu_item_default`, `menu_item_icon`, `menu_item_name`, `parent_id`, `menu_item_order`, `service_id`, `menu_item_Name_ext2`, `menu_item_Name_ext3`, `menu_item_Name_ext4`, `menu_item_Name_ext5`, `menu_item_name_ext6`, `menu_item_name_ext0`, `menu_item_name_ext1`, `sys_menu`, `enable`) VALUES ('b62bcb25-dc92-4284-a958-3143c98d1e29', '2020-08-19 16:02:44', 'ec4326d0-d490-4d5a-9105-260b51fd16d0', NULL, NULL, 'r2sc8ufe', NULL, 'ab6152e0-d881-4284-a1ae-fb9789edfb6f', '2d3d5dee-735d-428c-b7bb-eceab7c88f97', b'0', NULL, '数据字典', '37e59629-20e9-469f-98fb-760d5b57e4a6', '0', 'e78f151c-9640-4c50-af5f-226c3e56ff74', NULL, NULL, NULL, NULL, NULL, NULL, NULL, '1', b'1');
INSERT IGNORE INTO `workbench`.`wb_menuitem` (`menu_item_id`, `create_time`, `creator`, `modified_time`, `modifier`, `tenant_id`, `ts`, `menu_bar_id`, `menu_item_code`, `menu_item_default`, `menu_item_icon`, `menu_item_name`, `parent_id`, `menu_item_order`, `service_id`, `menu_item_Name_ext2`, `menu_item_Name_ext3`, `menu_item_Name_ext4`, `menu_item_Name_ext5`, `menu_item_name_ext6`, `menu_item_name_ext0`, `menu_item_name_ext1`, `sys_menu`, `enable`) VALUES ('c2db6646-fe9e-46e5-8ce3-2f408f373743', '2020-08-19 16:03:16', 'ec4326d0-d490-4d5a-9105-260b51fd16d0', '2020-10-23 09:57:55', 'ec4326d0-d490-4d5a-9105-260b51fd16d0', 'r2sc8ufe', NULL, 'ab6152e0-d881-4284-a1ae-fb9789edfb6f', '8a25a8bd-64d8-4b57-8aac-4ff127fcbe90', b'0', NULL, '总装要领书', '82a5fe1d-5a7f-42e1-962e-23f9292bbdcb', '4', 'e0bd63de-7b1f-4dbb-9ff8-8e7ca9883972', NULL, NULL, NULL, NULL, NULL, NULL, NULL, '1', b'1');
INSERT IGNORE INTO `workbench`.`wb_menuitem` (`menu_item_id`, `create_time`, `creator`, `modified_time`, `modifier`, `tenant_id`, `ts`, `menu_bar_id`, `menu_item_code`, `menu_item_default`, `menu_item_icon`, `menu_item_name`, `parent_id`, `menu_item_order`, `service_id`, `menu_item_Name_ext2`, `menu_item_Name_ext3`, `menu_item_Name_ext4`, `menu_item_Name_ext5`, `menu_item_name_ext6`, `menu_item_name_ext0`, `menu_item_name_ext1`, `sys_menu`, `enable`) VALUES ('c4f87743-d68f-4aaa-944d-b44fa52e4d99', '2020-08-19 13:15:51', 'ec4326d0-d490-4d5a-9105-260b51fd16d0', NULL, NULL, 'r2sc8ufe', NULL, 'ab6152e0-d881-4284-a1ae-fb9789edfb6f', '6d28db55-96c0-4d79-b06a-febee65fad35', b'0', NULL, '标准作业流程', 'b171519e-3e27-47a9-a37b-ba3db82c5bc1', '0', '', NULL, NULL, NULL, NULL, NULL, NULL, NULL, '1', b'1');
INSERT IGNORE INTO `workbench`.`wb_menuitem` (`menu_item_id`, `create_time`, `creator`, `modified_time`, `modifier`, `tenant_id`, `ts`, `menu_bar_id`, `menu_item_code`, `menu_item_default`, `menu_item_icon`, `menu_item_name`, `parent_id`, `menu_item_order`, `service_id`, `menu_item_Name_ext2`, `menu_item_Name_ext3`, `menu_item_Name_ext4`, `menu_item_Name_ext5`, `menu_item_name_ext6`, `menu_item_name_ext0`, `menu_item_name_ext1`, `sys_menu`, `enable`) VALUES ('e3f224b7-e5b0-47dc-9b00-1f316fd90217', '2020-08-19 16:03:16', 'ec4326d0-d490-4d5a-9105-260b51fd16d0', '2020-10-23 09:57:55', 'ec4326d0-d490-4d5a-9105-260b51fd16d0', 'r2sc8ufe', NULL, 'ab6152e0-d881-4284-a1ae-fb9789edfb6f', '385499ef-62ca-418d-b70a-9844b37e8241', b'0', NULL, '涂装手顺书', '82a5fe1d-5a7f-42e1-962e-23f9292bbdcb', '8', '35408c4c-8a66-4d93-ac84-ea77bf5ef4fe', NULL, NULL, NULL, NULL, NULL, NULL, NULL, '1', b'1');
INSERT IGNORE INTO `workbench`.`wb_menuitem` (`menu_item_id`, `create_time`, `creator`, `modified_time`, `modifier`, `tenant_id`, `ts`, `menu_bar_id`, `menu_item_code`, `menu_item_default`, `menu_item_icon`, `menu_item_name`, `parent_id`, `menu_item_order`, `service_id`, `menu_item_Name_ext2`, `menu_item_Name_ext3`, `menu_item_Name_ext4`, `menu_item_Name_ext5`, `menu_item_name_ext6`, `menu_item_name_ext0`, `menu_item_name_ext1`, `sys_menu`, `enable`) VALUES ('e5b50a5b-9c55-4b44-abdf-9598741c3808', '2020-08-19 16:03:16', 'ec4326d0-d490-4d5a-9105-260b51fd16d0', '2020-10-23 09:57:55', 'ec4326d0-d490-4d5a-9105-260b51fd16d0', 'r2sc8ufe', NULL, 'ab6152e0-d881-4284-a1ae-fb9789edfb6f', '114149ff-3224-45cc-9202-df9e994104b8', b'0', NULL, '质保部手顺书', '82a5fe1d-5a7f-42e1-962e-23f9292bbdcb', '13', '7c30d791-732f-4481-ba9d-88e42c3c51f3', NULL, NULL, NULL, NULL, NULL, NULL, NULL, '1', b'1');
INSERT IGNORE INTO `workbench`.`wb_menuitem` (`menu_item_id`, `create_time`, `creator`, `modified_time`, `modifier`, `tenant_id`, `ts`, `menu_bar_id`, `menu_item_code`, `menu_item_default`, `menu_item_icon`, `menu_item_name`, `parent_id`, `menu_item_order`, `service_id`, `menu_item_Name_ext2`, `menu_item_Name_ext3`, `menu_item_Name_ext4`, `menu_item_Name_ext5`, `menu_item_name_ext6`, `menu_item_name_ext0`, `menu_item_name_ext1`, `sys_menu`, `enable`) VALUES ('e86a3548-4992-4a72-99fe-7ea4953508bf', '2020-08-19 13:07:43', 'ec4326d0-d490-4d5a-9105-260b51fd16d0', '2020-08-19 13:08:06', 'ec4326d0-d490-4d5a-9105-260b51fd16d0', 'r2sc8ufe', NULL, 'ab6152e0-d881-4284-a1ae-fb9789edfb6f', '3e8798c0-d66a-491c-a596-3201372ba9fa', b'0', NULL, '基础数据', '', '3', '', NULL, NULL, NULL, NULL, NULL, NULL, NULL, '1', b'1');
INSERT IGNORE INTO `workbench`.`wb_menuitem` (`menu_item_id`, `create_time`, `creator`, `modified_time`, `modifier`, `tenant_id`, `ts`, `menu_bar_id`, `menu_item_code`, `menu_item_default`, `menu_item_icon`, `menu_item_name`, `parent_id`, `menu_item_order`, `service_id`, `menu_item_Name_ext2`, `menu_item_Name_ext3`, `menu_item_Name_ext4`, `menu_item_Name_ext5`, `menu_item_name_ext6`, `menu_item_name_ext0`, `menu_item_name_ext1`, `sys_menu`, `enable`) VALUES ('ea9087c7-e1ca-420b-8763-d45684f2c39a', '2020-08-19 13:12:07', 'ec4326d0-d490-4d5a-9105-260b51fd16d0', '2020-08-19 13:12:32', 'ec4326d0-d490-4d5a-9105-260b51fd16d0', 'r2sc8ufe', NULL, 'ab6152e0-d881-4284-a1ae-fb9789edfb6f', 'fa45f917-8e1b-4c8c-82c8-ff0b96694041', b'0', NULL, '标准作业文件查询/导出', '7c54259b-cb5f-4806-887b-fb6d5e2c9fe1', '0', '', NULL, NULL, NULL, NULL, NULL, NULL, NULL, '1', b'1');
INSERT IGNORE INTO `workbench`.`wb_menuitem` (`menu_item_id`, `create_time`, `creator`, `modified_time`, `modifier`, `tenant_id`, `ts`, `menu_bar_id`, `menu_item_code`, `menu_item_default`, `menu_item_icon`, `menu_item_name`, `parent_id`, `menu_item_order`, `service_id`, `menu_item_Name_ext2`, `menu_item_Name_ext3`, `menu_item_Name_ext4`, `menu_item_Name_ext5`, `menu_item_name_ext6`, `menu_item_name_ext0`, `menu_item_name_ext1`, `sys_menu`, `enable`) VALUES ('f24581d0-d3ef-48d8-a63c-1cc1c745299d', '2020-08-19 13:12:16', 'ec4326d0-d490-4d5a-9105-260b51fd16d0', '2020-08-19 13:12:32', 'ec4326d0-d490-4d5a-9105-260b51fd16d0', 'r2sc8ufe', NULL, 'ab6152e0-d881-4284-a1ae-fb9789edfb6f', 'a164c244-164f-4275-a828-5a572a914946', b'0', NULL, '问题单查询/导出', '7c54259b-cb5f-4806-887b-fb6d5e2c9fe1', '1', '', NULL, NULL, NULL, NULL, NULL, NULL, NULL, '1', b'1');
INSERT IGNORE INTO `workbench`.`wb_menuitem` (`menu_item_id`, `create_time`, `creator`, `modified_time`, `modifier`, `tenant_id`, `ts`, `menu_bar_id`, `menu_item_code`, `menu_item_default`, `menu_item_icon`, `menu_item_name`, `parent_id`, `menu_item_order`, `service_id`, `menu_item_Name_ext2`, `menu_item_Name_ext3`, `menu_item_Name_ext4`, `menu_item_Name_ext5`, `menu_item_name_ext6`, `menu_item_name_ext0`, `menu_item_name_ext1`, `sys_menu`, `enable`) VALUES ('f70b7038-9403-404b-b472-9aacf53323a6', '2020-08-19 16:03:16', 'ec4326d0-d490-4d5a-9105-260b51fd16d0', '2020-10-23 09:57:55', 'ec4326d0-d490-4d5a-9105-260b51fd16d0', 'r2sc8ufe', NULL, 'ab6152e0-d881-4284-a1ae-fb9789edfb6f', 'e622e38c-4ce2-4a1d-857b-4a6f15bf9a55', b'0', NULL, '焊装要领书', '82a5fe1d-5a7f-42e1-962e-23f9292bbdcb', '9', '547734b1-9ac3-4b4c-a9c1-33d1336c3c2b', NULL, NULL, NULL, NULL, NULL, NULL, NULL, '1', b'1');
INSERT IGNORE INTO `workbench`.`wb_menuitem` (`menu_item_id`, `create_time`, `creator`, `modified_time`, `modifier`, `tenant_id`, `ts`, `menu_bar_id`, `menu_item_code`, `menu_item_default`, `menu_item_icon`, `menu_item_name`, `parent_id`, `menu_item_order`, `service_id`, `menu_item_Name_ext2`, `menu_item_Name_ext3`, `menu_item_Name_ext4`, `menu_item_Name_ext5`, `menu_item_name_ext6`, `menu_item_name_ext0`, `menu_item_name_ext1`, `sys_menu`, `enable`) VALUES ('fafb4e8c-8183-474d-9741-3d54425eac17', '2020-08-19 13:11:21', 'ec4326d0-d490-4d5a-9105-260b51fd16d0', '2020-10-23 08:13:32', 'ec4326d0-d490-4d5a-9105-260b51fd16d0', 'r2sc8ufe', NULL, 'ab6152e0-d881-4284-a1ae-fb9789edfb6f', 'f51025c8-9c52-4a85-8a9c-69d269654955', b'0', NULL, '计划管理', '88d82ed4-6f98-4bb6-8369-1f06373af26e', '0', '', NULL, NULL, NULL, NULL, NULL, NULL, NULL, '1', b'1');
INSERT IGNORE INTO `workbench`.`wb_menuitem` (`menu_item_id`, `create_time`, `creator`, `modified_time`, `modifier`, `tenant_id`, `ts`, `menu_bar_id`, `menu_item_code`, `menu_item_default`, `menu_item_icon`, `menu_item_name`, `parent_id`, `menu_item_order`, `service_id`, `menu_item_Name_ext2`, `menu_item_Name_ext3`, `menu_item_Name_ext4`, `menu_item_Name_ext5`, `menu_item_name_ext6`, `menu_item_name_ext0`, `menu_item_name_ext1`, `sys_menu`, `enable`) VALUES ('fb9f86cd-eade-4212-a441-4006cc5123d8', '2020-10-23 08:13:32', 'ec4326d0-d490-4d5a-9105-260b51fd16d0', NULL, NULL, 'r2sc8ufe', NULL, 'ab6152e0-d881-4284-a1ae-fb9789edfb6f', '2299472d-6012-420f-a611-52440ee7b429', b'0', NULL, '检查法', '88d82ed4-6f98-4bb6-8369-1f06373af26e', '4', '', NULL, NULL, NULL, NULL, NULL, NULL, NULL, '1', b'1');
